SKU,Quantity,Reason
TMNTShirt-Youth-Mike-XS,1,AMZ-PG-APP-TOO-SMALL
3001-White-ChampionShirt-M,1,AMZ-PG-APP-TOO-SMALL
RacineBellsCostumeDressWomens-L/XL,1,CR-DEFECTIVE
leagueoftheirowncostume-Small/Medium,1,AMZ-PG-APP-TOO-SMALL
captamerica038-L,1,AMZ-PG-APP-TOO-SMALL
103011-ChuckyKidsShoes-9-10,1,CR-ORDERED_WRONG_ITEM
ghost023-XL,1,CR-DEFECTIVE
tmnt016-Leo-Mens-XS,1,CR-UNWANTED_ITEM
M&M-Yellow-JUNIORS-Shirt-L,1,AMZ-PG-APP-TOO-SMALL
wrestlingboots-SY,1,CR-DEFECTIVE
starwars164-M,1,AMZ-PG-APP-TOO-SMALL
QF009BBSTV-BlueyPajamas-6,1,AMZ-PG-APP-TOO-SMALL
GhostbustersDress-25KHA-M,1,CR-SWITCHEROO
TMNTShirt-Youth-Leonardo-S,1,AMZ-PG-APP-TOO-LARGE
tmnt056Mike-XL,1,CR-UNWANTED_ITEM
minniemouseaccessory-pink,1,CR-UNWANTED_ITEM
suicidesquad003-M,1,CR-UNWANTED_ITEM
powerrangerssweatshirtGreen-L,1,AMZ-PG-APP-TOO-LARGE
TMNTShirt-Youth-Donatello-L,1,CR-SWITCHEROO
tmntapriloneilcostume-S/M,1,AMZ-PG-APP-TOO-LARGE
YellowHulkGlasses,1,CR-UNWANTED_ITEM
redboa001N,1,AMZ-PG-APP-STYLE
tmntapriloneilcostume-S/M,1,AMZ-PG-APP-TOO-SMALL
tmnt047tankdressMike-S,1,AMZ-PG-APP-TOO-SMALL
leagueoftheirowncostume-Small/Medium,1,AMZ-PG-APP-TOO-SMALL
LolaSleepSet-WB1787-69-S,1,AMZ-PG-APP-STYLE
leagueoftheirowncostume-Small/Medium,1,AMZ-PG-APP-TOO-SMALL
220082-VioletChubSuit-ADULT,1,CR-UNWANTED_ITEM
WoodyLongSleeveAdultShirt-XXL,1,AMZ-PG-APP-TOO-SMALL
machomanbandana-Red,1,CR-FOUND_BETTER_PRICE
nap027-M,1,CR-FOUND_BETTER_PRICE
tmntapriloneilcostume-L/XL,1,AMZ-PG-APP-TOO-SMALL
100578BLACK-M,1,AMZ-PG-APP-TOO-SMALL
tmnt016-Mike-Mens-XS,1,AMZ-PG-APP-TOO-LARGE
sbb015-L,1,AMZ-PG-APP-STYLE
220929-LucyDressAdult-3XL,1,CR-DEFECTIVE
tmntmasks-Red,1,CR-UNWANTED_ITEM
tmntmasks-Orange,1,CR-UNWANTED_ITEM
tmntapriloneilcostume-L/XL,1,AMZ-PG-APP-TOO-SMALL
GreenMonsterSuit-Mask1-L-XL,1,CR-ORDERED_WRONG_ITEM
tmnt045Don-XS,1,AMZ-PG-APP-TOO-LARGE
mm001Norg-XXL,1,CR-UNWANTED_ITEM
TMNTShirt-Youth-Leonardo-L,1,AMZ-PG-APP-TOO-LARGE
tmntmasks-Red,1,CR-MISSED_ESTIMATED_DELIVERY
220793-MartyShirt-L,1,DID_NOT_LIKE_COLOR
rickmortyONESIE001-M,1,AMZ-PG-APP-TOO-SMALL
oktoberfestlederhosenSHORTS-40,1,CR-UNWANTED_ITEM
tmntmasks-Purple,1,AMZ-PG-APP-TOO-SMALL
tmntmasks-Blue,1,AMZ-PG-APP-TOO-SMALL
tmnt056Mike-L,1,AMZ-PG-APP-TOO-LARGE
HiddenTempleShirtCOIN-ORANG-M,1,CR-DEFECTIVE
Peanuts001-L,1,AMZ-PG-APP-TOO-SMALL
biglpants001-XXL,1,AMZ-PG-APP-TOO-LARGE
leagueoftheirownGIRLS-10/12,1,CR-MISSED_ESTIMATED_DELIVERY
220884-GoodBurgerCostume-3XL,1,CR-SWITCHEROO
sharkcostume-teen,1,AMZ-PG-APP-TOO-SMALL
btlc004-M,1,DID_NOT_LIKE_FABRIC
redboa001N,1,CR-UNWANTED_ITEM
wrestlingboots-LY,1,CR-UNWANTED_ITEM
wmw001,1,CR-MISSED_ESTIMATED_DELIVERY
leagueoftheirowncostume-Small/Medium,1,AMZ-PG-APP-TOO-SMALL
100576BLACK-S,1,AMZ-PG-APP-STYLE
albundy001-XXL,1,AMZ-PG-APP-STYLE
tmnt046jLeo-M,1,AMZ-PG-APP-TOO-SMALL
tmntapriloneilcostume-L/XL,1,AMZ-PG-APP-TOO-SMALL
220917-OldSpiceJumpsuit-L,1,AMZ-PG-BAD-DESC
leagueoftheirownGIRLS-5/6,1,AMZ-PG-APP-TOO-SMALL
revengenerds005-3XL,1,AMZ-PG-APP-TOO-LARGE
redboa001N,1,CR-QUALITY_UNACCEPTABLE
YellowHulkGlasses,1,CR-DAMAGED_BY_CARRIER
ghost023-XL,1,CR-DEFECTIVE
204071-UncleRicoShirt-M,1,AMZ-PG-APP-TOO-LARGE
bb8kigurumi-L,1,AMZ-PG-APP-TOO-LARGE
NK0072-TMNTPJDonatello-L,1,CR-ORDERED_WRONG_ITEM
germanhat001-grey,1,AMZ-PG-APP-TOO-SMALL
mm003JRSblue-XXL,1,AMZ-PG-APP-TOO-SMALL
suicidesquad003-3X,1,CR-MISSED_ESTIMATED_DELIVERY
mm003JRSblue-XXL,1,AMZ-PG-APP-TOO-SMALL
tmnt056Raph-L,1,AMZ-PG-APP-STYLE
JessieWig,1,CR-UNWANTED_ITEM
220871-CrewMate-Purple-STD,1,CR-UNAUTHORIZED_PURCHASE
220936-LegLampSkirt-S-M,1,CR-MISSED_ESTIMATED_DELIVERY
leagueoftheirowncostume-L/XLdeluxe,1,AMZ-PG-APP-TOO-SMALL
220884-GoodBurgerCostume-XXL,1,AMZ-PG-APP-TOO-LARGE
100576BLACK-S,1,CR-UNWANTED_ITEM
tmnt056Raph-M,1,AMZ-PG-APP-TOO-LARGE
wayneGARTHwig,1,CR-DEFECTIVE
hulk001ys,1,CR-UNWANTED_ITEM
220898-EllenGirswold-M,1,CR-MISSED_ESTIMATED_DELIVERY
hoosiers003-L,1,AMZ-PG-APP-TOO-SMALL
220074-PenguinChubSuit-Adult,2,AMZ-PG-APP-STYLE
incredhulk013-L,1,AMZ-PG-APP-TOO-LARGE
wrestlingboots-MY,1,AMZ-PG-APP-TOO-SMALL
PawPatrolChaseBlueHoodie-4T,1,AMZ-PG-APP-TOO-SMALL
hulk003-L,1,CR-UNWANTED_ITEM
WoodyLongSleeveAdultShirt-XL,1,AMZ-PG-APP-TOO-SMALL
WillysWonderland-Shirt-XL,1,AMZ-PG-APP-TOO-SMALL
leagueoftheirowncostume-Small/Medium,1,AMZ-PG-APP-TOO-SMALL
wrestlingboots-LW,1,AMZ-PG-BAD-DESC
sharkcostume-M-L,1,AMZ-PG-APP-TOO-LARGE
220846-BoxingRobeKids-Red,1,AMZ-PG-BAD-DESC
103015-BabyCarlosDollGlasses,1,CR-UNWANTED_ITEM
NK0072-TMNTPJDonatello-L,1,CR-ORDERED_WRONG_ITEM
220965-GhostSpiderOnesie-5-6,1,CR-FOUND_BETTER_PRICE
tmnt016-Raph-Mens-2XL,1,AMZ-PG-APP-TOO-SMALL
doubledare001red-XXL,1,AMZ-PG-APP-TOO-LARGE
mm001Nyel-XXL,1,AMZ-PG-APP-TOO-SMALL
mm003JRSorange-XXL,1,AMZ-PG-APP-TOO-SMALL
220079-SharkChubSuitBlue-Adult,1,AMZ-PG-BAD-DESC
100585-MoonBoots-10/11,1,CR-DEFECTIVE
suicidesquad003-XL,1,AMZ-PG-APP-TOO-LARGE
tmnt016-Raph-Mens-3XL,1,CR-UNWANTED_ITEM
BuzzLightYearLongSleeveAdultShirt-3XL,1,AMZ-PG-APP-TOO-SMALL
220898-EllenGirswold-XXL,1,CR-DEFECTIVE
leagueoftheirowncostume-Small/Medium,1,AMZ-PG-APP-TOO-SMALL
dotstankdress-L,1,AMZ-PG-APP-TOO-SMALL
stepbros010-XL,1,AMZ-PG-APP-TOO-LARGE
220793-MartyShirt-S,1,CR-UNWANTED_ITEM
CaptainUnderpants-ChubSuit-Teen,1,AMZ-PG-APP-TOO-SMALL
HiddenTempleShirt-RED-M,1,CR-UNWANTED_ITEM
HiddenTempleShirt-GREY-2XL,1,CR-UNWANTED_ITEM
HiddenTempleShirt-BLUE-M,1,CR-UNWANTED_ITEM
HiddenTempleShirt-ORANG-M,1,CR-UNWANTED_ITEM
HiddenTempleShirt-BLUE-XL,1,CR-UNWANTED_ITEM
HiddenTempleShirt-ORANG-S,1,CR-UNWANTED_ITEM
HiddenTempleShirt-GREY-M,1,CR-UNWANTED_ITEM
HiddenTempleShirt-RED-L,1,CR-UNWANTED_ITEM
woodycostumeshirt-L-XL,1,AMZ-PG-APP-TOO-SMALL
103011-ChuckyKidsShoes-5-6,1,CR-ORDERED_WRONG_ITEM
NK0071-TMNTPJRapahel-S,1,CR-UNWANTED_ITEM
wrestlingboots-XXLY,1,AMZ-PG-APP-TOO-LARGE
leagueoftheirowncostume-L/XLdeluxe,1,AMZ-PG-APP-STYLE
leagueoftheirowncostume-L/XLdeluxe,1,AMZ-PG-APP-STYLE
starwars164-M,1,CR-DEFECTIVE
1152-WendyWig,1,AMZ-PG-APP-STYLE
CCXX21-DietCokeTankDress-M,1,AMZ-PG-APP-TOO-SMALL
legendstempleblue-M,1,AMZ-PG-APP-TOO-SMALL
220905-KyleCostume-L,1,CR-SWITCHEROO
starwars164-XL,1,AMZ-PG-APP-TOO-SMALL
103011-ChuckyKidsShoes-5-6,1,CR-SWITCHEROO
mm001Nred-M,1,CR-UNWANTED_ITEM
103011-ChuckyKidsShoes-5-6,1,CR-SWITCHEROO
tmnt056Raph-XXL,1,AMZ-PG-APP-TOO-LARGE
tmnt056Don-S,1,AMZ-PG-APP-TOO-LARGE
ImperialOfficerCap-ECSW2060TV-Black,1,AMZ-PG-APP-STYLE
SuperBadCostume-2XL,1,CR-ORDERED_WRONG_ITEM
leagueoftheirowncostume-L/XLdeluxe,1,AMZ-PG-APP-TOO-SMALL
NDSS0K5M-PineappleHousePants-M,1,AMZ-PG-APP-TOO-LARGE
ElvisGlasses001-Gold,1,CR-UNAUTHORIZED_PURCHASE
suicidesquad004-S,1,AMZ-PG-APP-TOO-SMALL
suicidesquad003-S,1,AMZ-PG-APP-TOO-SMALL
JessieWig,1,DID_NOT_LIKE_FABRIC
tmnt016-Leo-Mens-XL,1,CR-SWITCHEROO
tmnt016-Don-Mens-L,1,AMZ-PG-APP-STYLE
sriracha004-XL,1,DID_NOT_LIKE_COLOR
wrestlingboots-XXLred,1,AMZ-PG-APP-TOO-LARGE
leagueoftheirowncostume-2X/3X,1,CR-DEFECTIVE
tmntapriloneilcostume-S/M,1,AMZ-PG-APP-TOO-SMALL
tmntmasks-Red,2,DID_NOT_LIKE_COLOR
snlbearsVESTsweater-M,1,CR-ORDERED_WRONG_ITEM
nap027-XL,1,AMZ-PG-APP-TOO-LARGE
tmntmasks-Red,1,CR-QUALITY_UNACCEPTABLE
CY034-ChristmasStoryUnionSuit-5X,1,AMZ-PG-APP-TOO-SMALL
NK0071-TMNTPJRapahel-M,1,AMZ-PG-APP-TOO-SMALL
leagueoftheirownGIRLS-7/8,1,CR-UNWANTED_ITEM
PRangersShirtYouth-Pink-L,1,AMZ-PG-APP-TOO-SMALL
PRangersShirtYouth-Blue-L,1,AMZ-PG-APP-TOO-SMALL
leagueoftheirowncostume-Small/Medium,1,AMZ-PG-APP-TOO-SMALL
nap027-XL,1,AMZ-PG-APP-TOO-LARGE
machomanbandana-Pink,1,AMZ-PG-APP-STYLE
103018-CousinEddieOrangeHose,1,AMZ-PG-APP-STYLE
tmnt056Raph-XL,1,CR-SWITCHEROO
220823-PinkBunny-KIDS-5/6,1,AMZ-PG-APP-TOO-LARGE
SoapLoofahCostume,1,CR-UNWANTED_ITEM
fightclubglasses001,1,AMZ-PG-BAD-DESC
rockyrobe1,1,AMZ-PG-APP-TOO-LARGE
hangover014-M,1,CR-QUALITY_UNACCEPTABLE
nap027N-L,1,CR-UNWANTED_ITEM
103018-CousinEddieOrangeHose,1,CR-UNWANTED_ITEM
CousinEdRobe-Hat-SET,1,CR-UNWANTED_ITEM
leagueoftheirowncostume-Small/Medium,1,AMZ-PG-APP-TOO-SMALL
ultimatewarriorset,1,CR-UNWANTED_ITEM
tmnt056Raph-L,1,AMZ-PG-APP-TOO-LARGE
spacedogwig001,1,AMZ-PG-BAD-DESC
oktoberfestlederhosenSHORTS-36,1,AMZ-PG-APP-TOO-SMALL
powerrangersleggings001BLACK-XL,1,DID_NOT_LIKE_FABRIC
sharkcostume-teen,1,CR-UNWANTED_ITEM
alsunny012-L,1,AMZ-PG-APP-TOO-SMALL
PolkHighJersey-2X,1,CR-UNWANTED_ITEM
biglpants001-XL,1,CR-UNWANTED_ITEM
NK0063-TMNTPJLeonardo-S,1,AMZ-PG-BAD-DESC
junk222-M,1,CR-DEFECTIVE
ProgressiveJamieCostume001,1,CR-ORDERED_WRONG_ITEM
tmnt056Don-XXL,1,AMZ-PG-APP-TOO-LARGE
pineappleex001-XL,1,AMZ-PG-APP-TOO-LARGE
leagueoftheirowncostume-L/XLdeluxe,1,AMZ-PG-APP-TOO-SMALL
220697-MENS-MimeCostumeSet-4X,1,CR-MISSING_PARTS
mm003JRSgreen-XXL,1,AMZ-PG-APP-TOO-SMALL
tmntmasks-Orange,1,DID_NOT_LIKE_FABRIC
hulk001jrYELN-M,1,AMZ-PG-APP-TOO-SMALL
Fearloathing-LasVegasVisorSet,1,AMZ-PG-APP-TOO-LARGE
powerrangers018yellow-6/12,1,AMZ-PG-APP-TOO-LARGE
GhostbustersDress-25KHA-M,1,CR-UNWANTED_ITEM
220898-EllenGirswold-S,1,CR-DAMAGED_BY_FC
DSTS26MGS-WoodyJuniorsTshirt-XXL,1,DID_NOT_LIKE_FABRIC
dodgeball003-L,2,AMZ-PG-APP-TOO-LARGE
dodgeball003-XL,1,AMZ-PG-APP-TOO-SMALL
220861-CrewMate-Green-STD,1,CR-UNWANTED_ITEM
IncredibleSuperheroWig-1240,1,AMZ-PG-APP-STYLE
YellowHulkGlasses,1,AMZ-PG-APP-TOO-SMALL
100576BROWN-L,1,AMZ-PG-APP-TOO-LARGE
tmnt056Don-M,1,AMZ-PG-APP-TOO-LARGE
biglpants001-L,1,AMZ-PG-APP-TOO-LARGE
ElizaZombieWig-1219,1,CR-UNWANTED_ITEM
leagueoftheirowncostume-L/XLdeluxe,1,CR-UNWANTED_ITEM
hulkb1gold,1,CR-UNWANTED_ITEM
220775-BigBoyOverall-RED-2XL,1,AMZ-PG-APP-TOO-LARGE
leagueoftheirownGIRLS-7/8,1,CR-UNWANTED_ITEM
leagueoftheirownGIRLS-10/12,1,CR-MISSED_ESTIMATED_DELIVERY
sbb015-S,1,CR-UNWANTED_ITEM
dodgeball003-XXXL,1,CR-ORDERED_WRONG_ITEM
100576BROWN-S,1,AMZ-PG-APP-TOO-LARGE
sharkcostume-M-L,1,AMZ-PG-APP-TOO-LARGE
WuTangLoungePants-LN0010-52-S,1,AMZ-PG-APP-TOO-SMALL
100584-SheriffBoots-8/9,1,CR-DEFECTIVE
hulk001jrYELN-XL,1,AMZ-PG-APP-TOO-SMALL
220074-PenguinChubSuit-Teen,1,DID_NOT_LIKE_FABRIC
machomanbandana-Red,1,AMZ-PG-BAD-DESC
QF009BBSTV-BlueyPajamas-8,1,AMZ-PG-APP-TOO-SMALL
220929-LucyDressAdult-3XL,1,AMZ-PG-APP-TOO-SMALL
wrestlingboots-MY,1,AMZ-PG-APP-TOO-LARGE
100576BROWN-M,1,AMZ-PG-APP-TOO-SMALL
tmntapriloneilcostume-L/XL,1,AMZ-PG-APP-TOO-SMALL
soahat005-S/M,1,CR-MISSED_ESTIMATED_DELIVERY
leagueoftheirowncostume-L/XLdeluxe,1,CR-UNWANTED_ITEM
dodgeball003N-S,1,AMZ-PG-APP-TOO-LARGE
hangover014-S,1,CR-UNWANTED_ITEM
DodgeballCobrasCostumeSet-M,1,CR-SWITCHEROO
RetroWigHeadband-1191,1,CR-UNWANTED_ITEM
ProgressiveJamieCostume001,1,CR-ORDERED_WRONG_ITEM
flocostume001,1,AMZ-PG-APP-TOO-SMALL
100576BROWN-L,1,AMZ-PG-APP-TOO-SMALL
M&M-Green-JUNIORS-Shirt-L,1,AMZ-PG-APP-TOO-SMALL
220895-MartyMcflyCostume-L,1,AMZ-PG-BAD-DESC
204074-QuaggyGiggityShirt-XXL,1,AMZ-PG-APP-TOO-LARGE
220872-CrewMate-Purple-TEEN,1,CR-ORDERED_WRONG_ITEM
220872-CrewMate-Purple-TEEN,1,CR-UNWANTED_ITEM
220077-HotDogChubSuit-Teen,1,AMZ-PG-APP-TOO-SMALL
bodysuit001burgundy-TEEN,1,AMZ-PG-APP-TOO-LARGE
TMNTShirt-Youth-Leonardo-M,1,AMZ-PG-APP-TOO-LARGE
TMNTShirt-Youth-Raphael-M,1,AMZ-PG-APP-TOO-LARGE
tmntapriloneilcostume-L/XL,1,AMZ-PG-APP-TOO-SMALL
Ghostbusters-GBXX1A-10/12,1,AMZ-PG-BAD-DESC
PNXX7L8MNU-SnoopyUnionSuit-M,1,AMZ-PG-APP-TOO-LARGE
NSPH3266-NarutoPajamas,1,AMZ-PG-APP-TOO-SMALL
leagueoftheirowncostume-3X/4X,1,CR-DEFECTIVE
220752-RockfordPeachesMENS-3XL,1,AMZ-PG-BAD-DESC
startrek034-L,1,AMZ-PG-APP-TOO-SMALL
sundrop001-L,1,AMZ-PG-APP-TOO-SMALL
biglpants001-L,2,AMZ-PG-APP-TOO-SMALL
NK0071-TMNTPJRapahel-L,1,CR-UNWANTED_ITEM
tmntapriloneilcostume-L/XL,1,AMZ-PG-APP-TOO-LARGE
leagueoftheirowncostume-Small/Medium,1,AMZ-PG-APP-TOO-SMALL
leagueoftheirowncostume-L/XL,1,CR-DEFECTIVE
leagueoftheirowncostume-3X/4X,1,CR-UNWANTED_ITEM
tmnt016-Raph-Mens-S,1,AMZ-PG-APP-TOO-LARGE
Peanuts001-L,1,CR-UNWANTED_ITEM
waldocostumeDELUXE-BOYS-S,1,CR-QUALITY_UNACCEPTABLE
220862-CrewMate-Green-TEEN,1,CR-SWITCHEROO
mm003JRSred-L,1,AMZ-PG-APP-TOO-SMALL
mm003JRSyellow-S,1,AMZ-PG-APP-TOO-SMALL
mm003JRSred-XL,1,AMZ-PG-APP-TOO-SMALL
mm003JRSorange-XL,1,AMZ-PG-APP-TOO-SMALL
mm003JRSgreen-XL,1,AMZ-PG-APP-TOO-SMALL
Ghostbusters-GBXX1A-XXXL,1,CR-UNWANTED_ITEM
DSSCA5KMN2-MickeyMousePJSet-S,1,AMZ-PG-APP-TOO-SMALL
101000-RedRenaissanceSash,6,CR-UNWANTED_ITEM
tmnteyemaskset,1,CR-UNWANTED_ITEM
QF009BBSTV-BlueyPajamas-6,1,AMZ-PG-APP-TOO-SMALL
acwig,1,CR-UNWANTED_ITEM
suicidesquad003-M,1,AMZ-PG-APP-TOO-LARGE
204084-DwightSuit-L,1,AMZ-PG-APP-TOO-LARGE
leagueoftheirowncostume-L/XLdeluxe,1,AMZ-PG-APP-TOO-SMALL
startrek037-XL,1,AMZ-PG-APP-STYLE
superherocape002ADULTred-blu,1,AMZ-PG-APP-TOO-SMALL
tmnt056Don-XXL,1,CR-UNWANTED_ITEM
tmnt056Raph-XL,1,CR-UNWANTED_ITEM
tmnt056Raph-L,1,CR-UNWANTED_ITEM
NSPH3266-NarutoPajamas,1,CR-DEFECTIVE
caddyshackhat003,1,CR-UNWANTED_ITEM
caddyshackhat001,1,CR-UNWANTED_ITEM
LolaSleepSet-WB1787-69-XXL,1,AMZ-PG-APP-TOO-SMALL
220861-CrewMate-Green-STD,1,CR-ORDERED_WRONG_ITEM
tmntonesieORANGE-24M,1,CR-SWITCHEROO
germanhat001-grey,1,AMZ-PG-APP-TOO-SMALL
4U9ML-ERNIE-CostumeShirt-M,1,AMZ-PG-APP-TOO-LARGE
sanford034-XXL,1,AMZ-PG-APP-TOO-LARGE
leagueoftheirowncostume-5XL,1,CR-DEFECTIVE
F1BW2368-FriendsCentralPerkUCS-4XL,1,AMZ-PG-APP-TOO-LARGE
sbb015-XL,1,AMZ-PG-APP-TOO-SMALL
tmnt056Mike-XXL,1,CR-SWITCHEROO
flocostume001,1,AMZ-PG-APP-STYLE
tmnt016-Raph-Mens-L,1,AMZ-PG-APP-TOO-SMALL
TMNTShirt-Youth-Mike-XS,1,AMZ-PG-APP-TOO-SMALL
aerosmith002-S,1,CR-UNWANTED_ITEM
TMNTShirt-Youth-Leonardo-S,1,AMZ-PG-APP-TOO-SMALL
tmnt056Raph-L,1,DID_NOT_LIKE_COLOR
leagueoftheirowncostume-Small/Medium,1,CR-UNWANTED_ITEM
waldocostumeDELUXE-BOYS-XL,1,AMZ-PG-APP-TOO-LARGE
waldocostumeDELUXE-BOYS-XL,1,AMZ-PG-APP-TOO-LARGE
UltimateWrestlerWig-1212,1,DID_NOT_LIKE_COLOR
DSTS26LGS-BuzzLightyearJuniotsTshirt-S,1,AMZ-PG-APP-TOO-SMALL
220759-CluesShirtKIDS-BLUE-2T,1,CR-UNWANTED_ITEM
DSTS26LGS-BuzzLightyearJuniotsTshirt-S,1,AMZ-PG-APP-TOO-SMALL
tmntapriloneilcostume-L/XL,1,AMZ-PG-APP-TOO-SMALL
hulkhogancostumesetYELsunYELban-S,1,AMZ-PG-APP-TOO-SMALL
DSSCCXYBNP-HoHoHoPants-XL,1,CR-UNWANTED_ITEM
starwars164-XXL,1,AMZ-PG-APP-STYLE
AMZ-MM-3930R-Yellow-L,1,AMZ-PG-APP-TOO-SMALL
suicidesquad003-XS,1,CR-SWITCHEROO
3DTRexUCS-S,1,AMZ-PG-APP-TOO-SMALL
103005-RenaissanceBoots-XL,1,CR-DEFECTIVE
hulkbRed,1,CR-UNWANTED_ITEM
leagueoftheirowncostume-L/XL,1,AMZ-PG-BAD-DESC
mm001Ngrn-3XL,1,CR-UNWANTED_ITEM
nerdstankdressPURPLE-S,1,AMZ-PG-APP-TOO-SMALL
sbb015-S,1,AMZ-PG-APP-TOO-LARGE
tmntapriloneilcostume-S/M,1,AMZ-PG-APP-TOO-SMALL
leagueoftheirownGIRLS-10/12,1,AMZ-PG-BAD-DESC
leagueoftheirowncostume-L/XLdeluxe,1,AMZ-PG-APP-TOO-SMALL
biglpants001-4XL,1,AMZ-PG-APP-TOO-LARGE
starwars164-S,1,AMZ-PG-APP-TOO-SMALL
leagueoftheirowncostume-L/XLdeluxe,1,AMZ-PG-APP-TOO-SMALL
103011-ChuckyKidsShoes-5-6,1,CR-DEFECTIVE
redboa001N,1,DID_NOT_LIKE_FABRIC
heinztankdressketchup-M,1,AMZ-PG-APP-TOO-SMALL
leagueoftheirowncostume-L/XLdeluxe,1,DID_NOT_LIKE_FABRIC
mm001Nyel-S,1,CR-UNWANTED_ITEM
QueenDragonWig-1220,1,CR-UNWANTED_ITEM
SharkCoustumeYouth,1,AMZ-PG-BAD-DESC
WaynesWorldWigHat-Youth,1,CR-MISSED_ESTIMATED_DELIVERY
NK0063-TMNTPJLeonardo-XL/2XL,1,AMZ-PG-BAD-DESC
SRST02-StarTrekLS-Red-4XL,1,AMZ-PG-BAD-DESC
220074-PenguinChubSuit-Teen,1,AMZ-PG-APP-TOO-SMALL
WoodyLongSleeveAdultShirt-L,1,CR-FOUND_BETTER_PRICE
pacman004-XL,1,AMZ-PG-APP-TOO-LARGE
RiverdaleTankSkirtSet-WR0345-69-XS,1,CR-UNWANTED_ITEM
pacman004-M,1,AMZ-PG-APP-TOO-SMALL
6132-WonderWomanFaceTattoos,1,CR-FOUND_BETTER_PRICE
220697-MENS-MimeCostumeSet-S,1,AMZ-PG-BAD-DESC
leagueoftheirowncostume-L/XLdeluxe,1,AMZ-PG-APP-TOO-SMALL
220941-GhostbustersGlovesBeltSet,1,CR-UNWANTED_ITEM
Ghostbusters-GBXX1A-XXXL,1,AMZ-PG-BAD-DESC
dodgeball003N-L,1,CR-DEFECTIVE
leagueoftheirowncostume-Small/Medium,1,AMZ-PG-APP-TOO-SMALL
captamerica023-XL,1,AMZ-PG-APP-TOO-LARGE
leagueoftheirownGIRLS-2T,1,AMZ-PG-APP-TOO-SMALL
eastboundMERMENcostume-L,1,CR-DAMAGED_BY_CARRIER
RacineBellsCostumeDressWomens-L/XL,1,AMZ-PG-APP-TOO-SMALL
103015-BabyCarlosDollGlasses,1,CR-UNWANTED_ITEM
suicidesquad003-L,1,AMZ-PG-APP-TOO-SMALL
GreenMonsterSuit-Mask1-2X-3X,1,CR-ORDERED_WRONG_ITEM
103011-ChuckyKidsShoes-11-12,1,CR-ORDERED_WRONG_ITEM
204084-DwightSuit-M,1,AMZ-PG-APP-TOO-LARGE
220752-RockfordPeachesMENS-L/XL,1,AMZ-PG-APP-TOO-LARGE
tmntapriloneilcostume-L/XL,1,AMZ-PG-APP-TOO-SMALL
220936-LegLampSkirt-L-XL,1,AMZ-PG-APP-TOO-SMALL
mm001Norg-L,1,AMZ-PG-APP-TOO-SMALL
ImperialOfficerCap-ECSW2060TV-Olive,1,CR-QUALITY_UNACCEPTABLE
ImperialOfficerCap-ECSW2060TV-Black,3,CR-QUALITY_UNACCEPTABLE
100576BLACK-L,1,AMZ-PG-APP-TOO-SMALL
220759-CluesShirtKIDS-BLUE-4T,1,CR-SWITCHEROO
forestgumphat1,1,CR-DEFECTIVE
TweetySleepSet-WB1785-69-S,1,AMZ-PG-APP-STYLE
220919-PeaceMakerCostume-L/XL,1,AMZ-PG-BAD-DESC
220965-GhostSpiderOnesie-2T,1,CR-MISSED_ESTIMATED_DELIVERY
JackDaniels001-MensShirt-3XL,1,CR-SWITCHEROO
dodgeball003-L,1,AMZ-PG-APP-TOO-LARGE
QF009BBSTV-BlueyPajamas-6,1,AMZ-PG-APP-TOO-SMALL
powerrangers018green-18/24,1,AMZ-PG-APP-TOO-LARGE
tmnt047tankdressLeo-M,1,AMZ-PG-APP-TOO-SMALL
sharkcostume-M-L,1,AMZ-PG-APP-TOO-LARGE
GhostbustersDress-25KHA-XL,1,AMZ-PG-BAD-DESC
tmnt056Raph-L,1,AMZ-PG-APP-TOO-LARGE
tmnt056Don-S,1,AMZ-PG-APP-TOO-LARGE
tmnt016-Raph-Mens-XS,1,AMZ-PG-APP-TOO-LARGE
rubiks002-XL,1,AMZ-PG-APP-TOO-LARGE
suicidesquad003-M,1,CR-UNWANTED_ITEM
TMNTShirt-Youth-Leonardo-S,1,AMZ-PG-APP-TOO-LARGE
blackswancostume1-M,1,AMZ-PG-APP-TOO-LARGE
blackswancostume1-M,1,AMZ-PG-APP-TOO-LARGE
MightyDucksJersey-Averman-S,1,AMZ-PG-APP-TOO-LARGE
QF009BBSTV-BlueyPajamas-6,1,AMZ-PG-APP-TOO-SMALL
100576BLACK-L,1,AMZ-PG-APP-TOO-SMALL
tmnt016-Leo-Mens-XS,1,AMZ-PG-APP-TOO-LARGE
tmnt056Don-L,1,AMZ-PG-APP-TOO-LARGE
ChristmasOrnaments-HumpingReindeer-10078,1,CR-DAMAGED_BY_CARRIER
tmnt056Raph-M,1,AMZ-PG-APP-TOO-LARGE
Peanuts001-M,1,AMZ-PG-APP-TOO-LARGE
tmnt056Leo-L,1,AMZ-PG-APP-TOO-LARGE
powerrangers018green-12/18,1,CR-SWITCHEROO
stepbros010-M,3,CR-UNWANTED_ITEM
stepbros010-S,1,CR-UNWANTED_ITEM
stepbros010-L,2,CR-UNWANTED_ITEM
tmnt016-Mike-Mens-XS,1,AMZ-PG-APP-TOO-LARGE
FYMSC20-ZeddemoreShirt-S,1,DID_NOT_LIKE_COLOR
100576BROWN-M,1,AMZ-PG-APP-TOO-SMALL
suicidesquad003-S,1,AMZ-PG-APP-TOO-SMALL
suicidesquad003-M,1,CR-UNWANTED_ITEM
powerrangers018yellow-12/18,1,CR-UNWANTED_ITEM
103011-ChuckyKidsShoes-9-10,1,CR-ORDERED_WRONG_ITEM
suicidesquad003-M,1,CR-UNWANTED_ITEM
mm003JRSgreen-S,1,AMZ-PG-APP-TOO-SMALL
waldocostumeDELUXE-BOYS-L,1,AMZ-PG-BAD-DESC
GhostbustersDress-25KHA-S,1,CR-ORDERED_WRONG_ITEM
tmntapriloneilcostume-L/XL,1,CR-UNWANTED_ITEM
SharkCoustumeYouth,1,CR-DEFECTIVE
103013-TmntEyeMask-Red,1,AMZ-PG-BAD-DESC
leagueoftheirowncostume-Small/Medium,1,AMZ-PG-APP-TOO-SMALL
scottpilgrimramonabag-Pink/Turquoise,1,CR-UNWANTED_ITEM
220919-PeaceMakerCostume-S/M,1,CR-DAMAGED_BY_FC
DSTS26MGS-WoodyJuniorsTshirt-XXL,1,CR-MISSED_ESTIMATED_DELIVERY
RacineBellsCostumeDressWomens-L/XL,1,AMZ-PG-BAD-DESC
tmntapriloneilcostume-S/M,1,DID_NOT_LIKE_FABRIC
tmnt056Don-M,1,AMZ-PG-APP-TOO-SMALL
RetroWigHeadband-1191,1,CR-UNWANTED_ITEM
220074-PenguinChubSuit-Adult,1,AMZ-PG-APP-TOO-LARGE
incredhulk013-XXL,1,AMZ-PG-APP-STYLE
leagueoftheirowncostume-Small/Medium,2,AMZ-PG-APP-TOO-SMALL
M&M-Red-JUNIORS-Shirt-L,1,AMZ-PG-APP-TOO-SMALL
tmnt016-Mike-Mens-3XL,1,AMZ-PG-APP-TOO-LARGE
bb8kigurumi-L,1,CR-UNWANTED_ITEM
hulkhogancostumesetREDsunREDban-M,1,CR-QUALITY_UNACCEPTABLE
101001-MachoManBandana,1,CR-UNWANTED_ITEM
leagueoftheirowncostume-Small/Medium,1,AMZ-PG-APP-TOO-SMALL
suicidesquad003-S,1,AMZ-PG-APP-TOO-SMALL
1138,2,AMZ-PG-APP-STYLE
BretHitmanSunglasses,1,CR-UNWANTED_ITEM
mm003JRSyellow-M,1,DID_NOT_LIKE_FABRIC
Peanuts001-XL,1,AMZ-PG-APP-TOO-SMALL
leagueoftheirowncostume-L/XLdeluxe,1,CR-SWITCHEROO
NK0063-TMNTPJLeonardo-M,1,CR-UNWANTED_ITEM
DSTS26LGS-BuzzLightyearJuniotsTshirt-XL,1,AMZ-PG-APP-TOO-SMALL
CCXX2-CocaColaDress-M,1,CR-SWITCHEROO
cowbellshirt-L,1,AMZ-PG-APP-TOO-SMALL
tmnt059DON-S,1,AMZ-PG-APP-TOO-LARGE
LolaSleepSet-WB1787-69-L,1,AMZ-PG-APP-TOO-SMALL
GreenMonsterSuit-SantaMask-2X-3X,1,AMZ-PG-APP-TOO-LARGE
junk187-4XL,1,AMZ-PG-APP-TOO-SMALL
suicidesquad003-2X,1,AMZ-PG-APP-TOO-LARGE
oktoberfestlederhosenSHORTS-36,1,CR-DEFECTIVE
mm001Nblu-3XL,1,AMZ-PG-APP-TOO-SMALL
biglpants001-S,1,AMZ-PG-APP-TOO-SMALL
leagueoftheirowncostume-Small/Medium,1,AMZ-PG-APP-TOO-SMALL
220752-RockfordPeachesMENS-L/XL,1,CR-DEFECTIVE
103018-CousinEddieOrangeHose,1,CR-UNWANTED_ITEM
103011-ChuckyKidsShoes-7-8,1,AMZ-PG-BAD-DESC
leagueoftheirowncostume-Small/Medium,1,AMZ-PG-APP-TOO-SMALL
leagueoftheirowncostume-Small/Medium,1,AMZ-PG-APP-TOO-SMALL
tmntapriloneilcostume-L/XL,1,AMZ-PG-APP-TOO-SMALL
tmntapriloneilcostume-L/XL,1,AMZ-PG-APP-TOO-SMALL
220941-GhostbustersGlovesBeltSet,3,CR-UNWANTED_ITEM
biglpants001-S,1,AMZ-PG-APP-TOO-SMALL
Ghostbusters-GBXX1A-XL,1,AMZ-PG-APP-TOO-SMALL
GreenMonsterSuit-Mask1-L-XL,1,CR-UNWANTED_ITEM
germanhat001-grey,1,DID_NOT_LIKE_FABRIC
leagueoftheirowncostume-Small/Medium,1,AMZ-PG-APP-TOO-SMALL
220871-CrewMate-Purple-STD,1,CR-UNWANTED_ITEM
220861-CrewMate-Green-STD,1,CR-UNWANTED_ITEM
mm001Ngrn-M,1,AMZ-PG-APP-TOO-SMALL
caddyshackhat003,1,AMZ-PG-APP-TOO-SMALL
flocostume001,1,CR-UNWANTED_ITEM
HiddenTempleShirtCOIN-ORANG-L,2,CR-ORDERED_WRONG_ITEM
103008-ElfShoes-8-9,1,CR-DAMAGED_BY_FC
wilfreddeluxe001,1,AMZ-PG-APP-TOO-LARGE
SheriffWoodyBadge,1,CR-UNWANTED_ITEM
mm001Nblu-XS,1,CR-SWITCHEROO
220786-LT-DumbDumber-BLUE-M,1,CR-UNWANTED_ITEM
amywinehousewig,1,AMZ-PG-BAD-DESC
220939-BeerfestTracksuit-S,1,CR-UNWANTED_ITEM
220939-BeerfestTracksuit-M,1,CR-UNWANTED_ITEM
100950-CowboyChaps1,1,CR-MISSED_ESTIMATED_DELIVERY
TSM20002TV-WoodyBelt-S,1,AMZ-PG-APP-TOO-SMALL
M&M-Blue-JUNIORS-Shirt-2XL,1,AMZ-PG-APP-TOO-SMALL
mm003JRSgreen-XXL,1,AMZ-PG-APP-TOO-SMALL
powerrangers002-L,1,DID_NOT_LIKE_COLOR
JackDaniels001-MensShirt-M,1,AMZ-PG-APP-TOO-SMALL
Riverdale-220702-S,1,AMZ-PG-APP-TOO-SMALL
220888-ToddMargoShinySuit-XXL,1,CR-UNWANTED_ITEM
220888-ToddMargoShinySuit-L-XL,1,CR-UNWANTED_ITEM
starwars164-M,1,AMZ-PG-APP-TOO-SMALL
biglpants001-S,1,AMZ-PG-APP-TOO-SMALL
suicidesquad003-M,1,AMZ-PG-APP-TOO-SMALL
204071-UncleRicoShirt-L,1,CR-UNWANTED_ITEM
WB1658-WB1659-WonderWomanCostumeSet1-S,1,CR-UNWANTED_ITEM
sharkcostume-teen,1,AMZ-PG-APP-TOO-SMALL
chucknbc003-XXL,1,AMZ-PG-APP-TOO-LARGE
DedSecHat001-Gray,1,CR-UNWANTED_ITEM
tmntapriloneilcostume-L/XL,1,AMZ-PG-APP-TOO-SMALL
RiverdaleTankSkirtSet-WR0345-69-XS,1,CR-UNWANTED_ITEM
220715-AirForcePilotKidsCostume-2/3T,2,CR-UNWANTED_ITEM
captamerica031-M,1,CR-MISSED_ESTIMATED_DELIVERY
103011-ChuckyKidsShoes-5-6,1,CR-UNWANTED_ITEM
SuperBadCostume-2XL,1,CR-UNWANTED_ITEM
mm003JRSred-L,1,AMZ-PG-APP-TOO-SMALL
mm003JRSgreen-L,1,AMZ-PG-APP-TOO-SMALL
mm003JRSblue-L,1,AMZ-PG-APP-TOO-SMALL
mm003JRSorange-L,1,AMZ-PG-APP-TOO-SMALL
220654-XXL,1,AMZ-PG-APP-TOO-LARGE
220074-PenguinChubSuit-Adult,1,AMZ-PG-APP-STYLE
redboa001N,1,CR-UNWANTED_ITEM
YellowHulkGlasses,1,AMZ-PG-APP-TOO-LARGE
220866-CrewMate-Black-STD,1,CR-DEFECTIVE
220776-BigBoyOverall-BLUE-S/M,1,AMZ-PG-APP-TOO-LARGE
M&M-Yellow-JUNIORS-Shirt-S,1,CR-UNWANTED_ITEM
Warriors001-XL,1,CR-QUALITY_UNACCEPTABLE
100576BROWN-M,1,AMZ-PG-APP-TOO-SMALL
1158-WhiteFuManchuBeardWig,1,CR-UNWANTED_ITEM
starwars164-M,1,AMZ-PG-APP-TOO-SMALL
Futurama003-XXL,1,DID_NOT_LIKE_FABRIC
spacedogwig001,1,CR-UNWANTED_ITEM
incredhulk013-L,1,AMZ-PG-APP-TOO-LARGE
mm003JRSorange-L,1,AMZ-PG-APP-TOO-SMALL
mm001Nyel-M,1,AMZ-PG-APP-TOO-SMALL
mm003JRSred-M,1,AMZ-PG-APP-TOO-SMALL
mm003JRSgreen-L,1,AMZ-PG-APP-TOO-SMALL
tmntapriloneilcostume-S/M,1,AMZ-PG-APP-TOO-SMALL
hulkhogancostumesetREDsunREDban-M,1,CR-UNWANTED_ITEM
leagueoftheirownGIRLS-10/12,1,AMZ-PG-BAD-DESC
juno003-XS,1,AMZ-PG-APP-TOO-SMALL
leagueoftheirowncostume-L/XLdeluxe,1,AMZ-PG-APP-TOO-LARGE
oktoberfestlederhosenSHORTS-44,1,CR-SWITCHEROO
suicidesquad003-M,1,AMZ-PG-APP-TOO-SMALL
hulk001-L,1,CR-MISSED_ESTIMATED_DELIVERY
sbb015-XL,1,AMZ-PG-BAD-DESC
1246-NapoleonKit-Shirt-M,1,AMZ-PG-APP-TOO-SMALL
suicidesquad003-S,1,AMZ-PG-BAD-DESC
103013-TmntEyeMask-Purple,1,CR-UNWANTED_ITEM
103013-TmntEyeMask-Orange,1,CR-UNWANTED_ITEM
103013-TmntEyeMask-Blue,1,CR-UNWANTED_ITEM
woodycostumeshirt-L-XL,1,AMZ-PG-APP-TOO-SMALL
100604-GoldFullRimAviatorReadingGlasses,1,CR-SWITCHEROO
RedBandanaRedGlasses,1,CR-MISSED_ESTIMATED_DELIVERY
Ghostbusters-GBXX1A-S,1,CR-UNWANTED_ITEM
arrested011-L,1,DID_NOT_LIKE_COLOR
tmnt056Raph-M,1,AMZ-PG-BAD-DESC
XO011MBSTV-TopGunPajamaSuit-L,1,AMZ-PG-APP-STYLE
suicidesquad004-M,1,AMZ-PG-APP-TOO-SMALL
usasocks001,1,AMZ-PG-APP-STYLE
4U9ML-ERNIE-CostumeShirt-L,1,AMZ-PG-APP-TOO-LARGE
tmntonesieORANGE1-12m,1,CR-DEFECTIVE
tmnt016-Leo-Mens-S,1,AMZ-PG-APP-TOO-SMALL
100576BROWN-S,1,DID_NOT_LIKE_FABRIC
SNL007tan-L,1,AMZ-PG-APP-TOO-SMALL
leagueoftheirowncostume-Small/Medium,1,AMZ-PG-APP-TOO-SMALL
stepbros010-L,1,AMZ-PG-BAD-DESC
acwig,1,AMZ-PG-APP-STYLE
leagueoftheirowncostume-L/XLdeluxe,1,AMZ-PG-APP-TOO-SMALL
CheeseburgerBackPack,1,CR-ORDERED_WRONG_ITEM
btlc004-XL,1,DID_NOT_LIKE_COLOR
dodgeball003-XS,1,AMZ-PG-APP-TOO-SMALL
tmntdonatellocostume-S,1,AMZ-PG-APP-TOO-SMALL
TMNTShirt-Youth-Leonardo-XS,1,AMZ-PG-APP-TOO-LARGE
beautybeast001-S-M,1,AMZ-PG-APP-TOO-SMALL
DaleVest-2XL,1,CR-SWITCHEROO
leagueoftheirowncostume-Small/Medium,1,AMZ-PG-APP-TOO-SMALL
TMNTShirt-Youth-Mike-L,1,AMZ-PG-APP-TOO-LARGE
Peanuts001-S,1,AMZ-PG-APP-TOO-LARGE
tmnt056Don-M,1,AMZ-PG-APP-TOO-SMALL
leagueoftheirowncostume-L/XLdeluxe,1,AMZ-PG-APP-TOO-SMALL
TigerKingCostumeSet-BLUE-L,1,CR-UNWANTED_ITEM
QF009BBSTV-BlueyPajamas-6,1,AMZ-PG-APP-TOO-LARGE
YellowBandanaRedGlasses,1,AMZ-PG-BAD-DESC
tmntapriloneilcostume-L/XL,1,AMZ-PG-APP-TOO-SMALL
cowbellshirt-XXXL,1,AMZ-PG-APP-TOO-SMALL
cowbellshirt-XXL,1,AMZ-PG-APP-TOO-SMALL
leagueoftheirowncostume-L/XLdeluxe,1,AMZ-PG-APP-TOO-SMALL
DazedConfusedTedNugent-Shirt-L,1,CR-UNWANTED_ITEM
btlc004-M,1,AMZ-PG-APP-TOO-LARGE
tmntapriloneilcostume-L/XL,1,AMZ-PG-APP-TOO-SMALL
mm003JRSred-S,1,AMZ-PG-APP-TOO-SMALL
PABR028MNP-PBRBeerPants-XL,1,CR-UNWANTED_ITEM
sookiecostume-L,1,AMZ-PG-APP-TOO-SMALL
TMNTShirt-Youth-Leonardo-S,1,AMZ-PG-APP-TOO-LARGE
CY034-ChristmasStoryUnionSuit-4X,1,CR-DEFECTIVE
tmntcostumemichelangelo-L,1,AMZ-PG-APP-TOO-LARGE
wrestlingboots-Lred,1,CR-DEFECTIVE
220922-NachoLibreCostume-L,1,CR-DEFECTIVE
ChunkBoyWig,1,CR-DEFECTIVE
germanhat001-brown,1,CR-UNWANTED_ITEM
220072-USAChubSuit-Teen,1,CR-UNWANTED_ITEM
tmnt056Leo-XXL,1,CR-UNWANTED_ITEM
tmnt045Raph-L,1,CR-DEFECTIVE
WB1658-WB1659-WonderWomanCostumeSet1-S,1,CR-UNWANTED_ITEM
TSM20002TV-WoodyBelt-L,1,AMZ-PG-APP-TOO-SMALL
suicidesquad003-M,1,AMZ-PG-APP-TOO-SMALL
wwe060red-XL,1,CR-SWITCHEROO
CCXX21-DietCokeTankDress-M,1,AMZ-PG-APP-TOO-SMALL
tmnteyemaskset-KIDS,1,CR-DEFECTIVE
mm003JRSgreen-XL,1,AMZ-PG-APP-TOO-SMALL
mermaidfin001PINK-XXL,1,CR-MISSED_ESTIMATED_DELIVERY
220901-FreshPrinceCostume-L,1,CR-UNWANTED_ITEM
leagueoftheirowncostume-L/XLdeluxe,1,AMZ-PG-APP-TOO-SMALL
tmnt016-Don-Mens-XS,1,AMZ-PG-APP-TOO-LARGE
WuTangLoungePants-LN0010-52-M,1,AMZ-PG-APP-TOO-SMALL
DSTS26MGS-WoodyJuniorsTshirt-XL,1,AMZ-PG-APP-TOO-LARGE
leagueoftheirownGIRLS-10/12,1,CR-DEFECTIVE
RacineBellsCostumeDressGirls-7/8,1,CR-DEFECTIVE
bigl012-XL,1,AMZ-PG-APP-TOO-LARGE
WoodyLongSleeveAdultShirt-XXL,1,AMZ-PG-APP-TOO-SMALL
220933-JawasCloakLEDMask-L-XL,1,CR-UNWANTED_ITEM
tmnt016-Mike-Mens-XS,1,CR-UNWANTED_ITEM
sbb015-S,1,CR-UNWANTED_ITEM
powerrangers015blue-L,1,CR-UNWANTED_ITEM
wmw001,1,CR-UNWANTED_ITEM
SecretStuffWaterBottle,1,CR-UNWANTED_ITEM
chubsuitcostume002-orange,1,CR-DEFECTIVE
tmntmasks-Purple,1,CR-UNWANTED_ITEM
tmntmasks-Red,1,CR-UNWANTED_ITEM
tmntmasks-Blue,1,CR-UNWANTED_ITEM
tmntmasks-Orange,1,CR-UNWANTED_ITEM
tmnt016-Raph-Mens-L,1,CR-UNWANTED_ITEM
leagueoftheirowncostume-L/XLdeluxe,1,AMZ-PG-APP-TOO-SMALL
220813-CluesShirtKIDS-GREEN-2T,1,CR-ORDERED_WRONG_ITEM
wmw001,1,DID_NOT_LIKE_COLOR
tmnt016-Don-Mens-XS,1,AMZ-PG-APP-TOO-LARGE
100576BLACK-M,1,AMZ-PG-APP-TOO-LARGE
tmntapriloneilcostume-L/XL,1,AMZ-PG-APP-TOO-SMALL
100576BROWN-S,1,AMZ-PG-APP-TOO-SMALL
tmnteyemaskset,1,CR-MISSED_ESTIMATED_DELIVERY
Warriors001-L,1,AMZ-PG-APP-TOO-LARGE
JLSN243-TuneSquadSHORTS-XL,1,AMZ-PG-APP-STYLE
220875-VariantJacket-M,1,AMZ-PG-BAD-DESC
QF009BBSTV-BlueyPajamas-3T,1,CR-UNWANTED_ITEM
220944-BarfCostumeSet-2X-3X,1,AMZ-PG-BAD-DESC
kennywig,1,CR-MISSED_ESTIMATED_DELIVERY
tmntapriloneilcostume-L/XL,1,AMZ-PG-APP-TOO-SMALL
tmntapriloneilcostume-S/M,1,AMZ-PG-APP-STYLE
germanhat001-grey,1,CR-MISSED_ESTIMATED_DELIVERY
tmntapriloneilcostume-L/XL,1,AMZ-PG-APP-TOO-SMALL
220697-MENS-MimeCostumeSet-XL,1,AMZ-PG-APP-TOO-LARGE
oktoberfestlederhosenSHORTS-40,1,AMZ-PG-APP-TOO-SMALL
incredhulk013-M,1,CR-UNWANTED_ITEM
tmntmasks-Orange,1,CR-UNWANTED_ITEM
100578BLACK-L,1,AMZ-PG-APP-TOO-SMALL
CCXX2-CocaColaDress-S,1,CR-DEFECTIVE
BBLouiseGreenDress-L,1,AMZ-PG-APP-TOO-LARGE
WillysWonderland-Shirt-L,1,AMZ-PG-APP-TOO-SMALL
HorsermanUCS-Orange-M,1,AMZ-PG-APP-TOO-SMALL
hulk001y-XS,1,AMZ-PG-APP-STYLE
SlytherinRobe-HP0284-XS,1,AMZ-PG-APP-TOO-LARGE
heavyweights001TANK-S,1,CR-UNWANTED_ITEM
tmnt056Raph-S,1,DID_NOT_LIKE_COLOR
220690-SoccerBallChubSuit-Teen,1,CR-DEFECTIVE
TMNTShirt-Youth-Mike-L,1,AMZ-PG-APP-TOO-SMALL
suicidesquad003-S,1,CR-UNWANTED_ITEM
220873-BlueCluesDress-L,1,CR-SWITCHEROO
wrestlingboots-Sred,1,CR-UNWANTED_ITEM
plumtree001-XL,1,AMZ-PG-APP-TOO-SMALL
M&M-Blue-JUNIORS-Shirt-XL,1,AMZ-PG-APP-TOO-SMALL
M&M-Red-JUNIORS-Shirt-2XL,1,CR-DEFECTIVE
tmntcostumedonatello-S,1,AMZ-PG-APP-TOO-SMALL
1256-HangoverBeard,1,CR-UNWANTED_ITEM
mm001Nblu-3XL,1,AMZ-PG-APP-TOO-LARGE
sundropmenscombo,1,CR-SWITCHEROO
220757-AverageJoesWomensSet-XL,1,AMZ-PG-BAD-DESC
TMNTShirt-Youth-Leonardo-S,1,AMZ-PG-APP-TOO-LARGE
TMNTShirt-Youth-Leonardo-XS,1,AMZ-PG-APP-TOO-LARGE
WayneWig-1195,1,CR-UNWANTED_ITEM
220550-LeftShark-GRAY-YOUTH,1,CR-DAMAGED_BY_FC
mm003JRSblue-L,1,AMZ-PG-APP-TOO-SMALL
YellowHulkGlasses,1,CR-UNWANTED_ITEM
redboa001N,1,CR-UNWANTED_ITEM
InflatableGiraffe-Teen,1,AMZ-PG-APP-TOO-SMALL
100576BLACK-M,1,AMZ-PG-APP-TOO-SMALL
100576BROWN-M,1,AMZ-PG-APP-TOO-SMALL
mm001Nblu-L,1,CR-UNWANTED_ITEM
hangover001-M,1,CR-UNWANTED_ITEM
220765-HollywoodYellowShirt-L,1,CR-UNWANTED_ITEM
germanhat001-brown,1,CR-UNWANTED_ITEM
220775-BigBoyOverall-RED-S/M,1,CR-UNWANTED_ITEM
100584-SheriffBoots-4/5,1,AMZ-PG-APP-TOO-SMALL
DodgeballCobrasCostumeSet-XL,1,CR-SWITCHEROO
suicidesquad005womens-XL,1,CR-DEFECTIVE
220965-GhostSpiderOnesie-7-8,1,CR-UNWANTED_ITEM
wwe059purple-L,1,AMZ-PG-APP-TOO-SMALL
103011-ChuckyKidsShoes-5-6,1,AMZ-PG-APP-TOO-SMALL
dodgeball003N-S,1,AMZ-PG-BAD-DESC
germanhat001-grey,1,AMZ-PG-APP-STYLE
WayneWig-1195,1,CR-UNWANTED_ITEM
aerosmith002-L,1,AMZ-PG-APP-TOO-LARGE
GBSpenglerLSTee-M,1,AMZ-PG-APP-TOO-SMALL
starwars164-M,1,CR-UNWANTED_ITEM
suicidesquad003-XL,1,AMZ-PG-BAD-DESC
ssharleyquinnglove1,1,CR-UNWANTED_ITEM
102026-InfOrnament-25-Pink,1,AMZ-PG-BAD-DESC
bigl032-XL,1,AMZ-PG-APP-TOO-LARGE
mm003JRSblue-XL,1,AMZ-PG-APP-TOO-SMALL
100576BROWN-M,1,CR-SWITCHEROO
M&M-Yellow-JUNIORS-Shirt-L,1,AMZ-PG-APP-TOO-SMALL
ghost023-XL,1,CR-UNWANTED_ITEM
220929-LucyDressAdult-3XL,1,CR-ORDERED_WRONG_ITEM
NK0072-TMNTPJDonatello-S,1,AMZ-PG-BAD-DESC
legendstempleblue-M,1,AMZ-PG-APP-TOO-SMALL
tmntmasks-Orange,1,AMZ-PG-APP-TOO-SMALL
tmntmasks-Purple,1,AMZ-PG-APP-TOO-SMALL
204084-DwightSuit-XXL,1,AMZ-PG-APP-STYLE
PRangersShirtYouth-Green-XS,1,AMZ-PG-APP-TOO-LARGE
biglpants001-XXL,1,CR-MISSED_ESTIMATED_DELIVERY
HenryDangerSet-BLLTV-8,1,AMZ-PG-APP-TOO-SMALL
rockynecklace,1,AMZ-PG-APP-TOO-SMALL
rockfordsocks001,1,AMZ-PG-APP-STYLE
sbb015-S,1,DID_NOT_LIKE_FABRIC
EMUP2001TV-UpHat,1,DID_NOT_LIKE_COLOR
220696-WOMENS-MimeCostumeSet-XL,1,AMZ-PG-APP-TOO-LARGE
tmnt056Mike-XXL,1,AMZ-PG-BAD-DESC
103014-RaccoonPoliceHat,1,AMZ-PG-APP-TOO-SMALL
TMNTShirt-Youth-Raphael-M,1,AMZ-PG-APP-TOO-SMALL
tmnt016-Leo-Mens-XS,1,AMZ-PG-APP-TOO-LARGE
DaleVest-2XL,1,AMZ-PG-APP-TOO-SMALL
tmnt016-Leo-Mens-S,1,CR-MISSED_ESTIMATED_DELIVERY
100578BLACK-M,1,CR-UNWANTED_ITEM
siliconvalley003-M,1,AMZ-PG-APP-TOO-SMALL
hangover014-L,1,AMZ-PG-APP-TOO-SMALL
TigerKingCostumeSet-BLUE-2XL,1,AMZ-PG-APP-TOO-LARGE
hangover014-XL,1,AMZ-PG-APP-TOO-LARGE
100980-TheQueenMusicBeltArmband,1,AMZ-PG-BAD-DESC
germanhat001-grey,1,DID_NOT_LIKE_COLOR
tmntapriloneilcostume-L/XL,1,AMZ-PG-APP-TOO-SMALL
TMNTShirt-Youth-Leonardo-XS,1,CR-UNWANTED_ITEM
RacineBellsCostumeDressGirls-7/8,1,CR-UNWANTED_ITEM
leagueoftheirowncostume-L/XL,1,CR-ORDERED_WRONG_ITEM
tmnt056Raph-XXXL,1,AMZ-PG-APP-TOO-SMALL
mm003JRSblue-L,1,AMZ-PG-APP-TOO-SMALL
woodycostumeshirt-L-XL,1,AMZ-PG-APP-TOO-SMALL
QF009BBSTV-BlueyPajamas-3T,1,AMZ-PG-BAD-DESC
103011-ChuckyKidsShoes-11-12,1,CR-ORDERED_WRONG_ITEM
BrennanVest-L,2,AMZ-PG-APP-TOO-LARGE
DaleVest-L,1,AMZ-PG-APP-TOO-LARGE
leagueoftheirowncostume-L/XLdeluxe,1,AMZ-PG-APP-TOO-SMALL
SoapLoofahCostume,1,CR-DAMAGED_BY_FC
PRangersShirtYouth-Red-XS,1,AMZ-PG-APP-TOO-LARGE
caddyshackhat001,1,DID_NOT_LIKE_COLOR
blowupguitar,1,CR-UNWANTED_ITEM
TMNTShirt-Youth-Leonardo-S,1,AMZ-PG-APP-TOO-LARGE
TMNTShirt-Youth-Leonardo-M,1,AMZ-PG-APP-TOO-LARGE
220922-NachoLibreCostume-L,1,CR-UNWANTED_ITEM
leagueoftheirownGIRLS-7/8,1,AMZ-PG-APP-TOO-LARGE
mm003JRSblue-L,1,AMZ-PG-APP-TOO-SMALL
IndianaJHolyGrailCup,1,CR-UNWANTED_ITEM
wrestlingboots-MY,1,AMZ-PG-APP-TOO-SMALL
204092-RainbowCardigan-L,1,AMZ-PG-APP-TOO-SMALL
SoapLoofahCostume,1,CR-DEFECTIVE
wrestlingboots-MY,1,AMZ-PG-APP-TOO-SMALL
1158-WhiteFuManchuBeardWig,1,DID_NOT_LIKE_COLOR
NSPH3266-NarutoPajamas,1,CR-DEFECTIVE
tmnt045Mike-XXL,1,AMZ-PG-APP-TOO-SMALL
leagueoftheirownGIRLS-10/12,1,CR-UNWANTED_ITEM
tmntmasks-Red,1,CR-QUALITY_UNACCEPTABLE
NSPH3266-NarutoPajamas,1,AMZ-PG-APP-TOO-SMALL
NK0071-TMNTPJRapahel-L,1,CR-UNWANTED_ITEM
ducktie,1,AMZ-PG-APP-STYLE
220660rsm,1,AMZ-PG-APP-TOO-SMALL
incredhulk013-XXL,1,CR-UNWANTED_ITEM
germanhat001-grey,2,AMZ-PG-APP-TOO-SMALL
CY034-ChristmasStoryUnionSuit-5X,1,AMZ-PG-APP-TOO-SMALL
103013-TmntEyeMask-Purple,1,CR-UNWANTED_ITEM
soahat005-S/M,1,AMZ-PG-APP-TOO-SMALL
furiespants-XL,1,AMZ-PG-APP-TOO-LARGE
tmnt016RAPHAELtoddler-4T,1,AMZ-PG-APP-TOO-SMALL
wrestlingboots-SB,1,CR-UNWANTED_ITEM
220929-LucyDressAdult-3XL,1,CR-UNWANTED_ITEM
103013-TmntEyeMask-Blue,1,CR-UNWANTED_ITEM
TMNTShirt-Youth-Leonardo-L,1,AMZ-PG-APP-TOO-LARGE
leagueoftheirowncostume-Small/Medium,1,CR-SWITCHEROO
tmnt046jDon-S,1,AMZ-PG-APP-TOO-SMALL
tmnt045Raph-L,1,AMZ-PG-APP-TOO-LARGE
CCXX2-CocaColaDress-M,1,AMZ-PG-BAD-DESC
220936-LegLampSkirt-L-XL,1,CR-UNWANTED_ITEM
6695057-yellowstoneBeltBuckle,1,CR-UNWANTED_ITEM
tmnt056Raph-L,1,CR-UNWANTED_ITEM
tmntapriloneilcostume-L/XL,1,AMZ-PG-APP-TOO-SMALL
220715-AirForcePilotKidsCostume-10/12,1,CR-DEFECTIVE
leagueoftheirowncostume-L/XL,1,CR-DEFECTIVE
leagueoftheirowncostume-L/XLdeluxe,1,AMZ-PG-APP-TOO-SMALL
mashhat002,1,CR-UNWANTED_ITEM
wrestlingboots-LB,1,AMZ-PG-APP-TOO-SMALL
wrestlingboots-MB,1,AMZ-PG-APP-TOO-LARGE
wrestlingboots-LW,1,AMZ-PG-APP-TOO-LARGE
wrestlingboots-MW,1,AMZ-PG-APP-TOO-LARGE
XO011MBSTV-TopGunPajamaSuit-3XL,2,AMZ-PG-APP-STYLE
wrestlingboots-XXLW,1,AMZ-PG-APP-TOO-LARGE
wrestlingboots-XXLB,1,AMZ-PG-APP-TOO-LARGE
100576BROWN-L,1,AMZ-PG-APP-TOO-SMALL
tmntmasks-Red,1,CR-FOUND_BETTER_PRICE
tmntmasks-Orange,1,CR-FOUND_BETTER_PRICE
tmntmasks-Purple,1,CR-FOUND_BETTER_PRICE
leagueoftheirowncostume-L/XLdeluxe,1,DID_NOT_LIKE_FABRIC
bigl012-XXL,1,AMZ-PG-APP-TOO-SMALL
220933-JawasCloakLEDMask-L-XL,1,CR-ORDERED_WRONG_ITEM
220898-EllenGirswold-XL,1,CR-DAMAGED_BY_FC
peanuts044N-3XL,1,AMZ-PG-APP-TOO-SMALL
100576BLACK-M,1,AMZ-PG-APP-TOO-SMALL
TMNTShirt-Youth-Leonardo-S,1,AMZ-PG-APP-TOO-SMALL
TMNTShirt-Youth-Raphael-M,1,AMZ-PG-APP-TOO-SMALL
tmnt016l-L,1,AMZ-PG-APP-TOO-LARGE
CowgirlShirt-204051-XL,1,CR-UNWANTED_ITEM
dodgeball003-L,1,AMZ-PG-APP-TOO-LARGE
220929-LucyDressAdult-S,1,CR-UNWANTED_ITEM
tmntapriloneilcostume-L/XL,1,CR-UNWANTED_ITEM
caddy010-M,1,AMZ-PG-APP-TOO-SMALL
220899-MarvCostume-L,1,CR-DEFECTIVE
TMNTShirt-Youth-Leonardo-S,1,CR-MISSED_ESTIMATED_DELIVERY
TMNTShirt-Youth-Raphael-M,1,CR-MISSED_ESTIMATED_DELIVERY
100576BLACK-M,1,AMZ-PG-APP-TOO-SMALL
CCXX21-DietCokeTankDress-XL,1,AMZ-PG-APP-TOO-SMALL
103009-PirateBoots-10-11,1,CR-DEFECTIVE
JackDaniels001-MensShirt-XXL,2,CR-UNWANTED_ITEM
QF009BBSTV-BlueyPajamas-6,1,AMZ-PG-APP-TOO-LARGE
fightclubglasses001,1,CR-DAMAGED_BY_CARRIER
fam064-S,1,CR-UNWANTED_ITEM
leagueoftheirowncostume-Small/Medium,1,DID_NOT_LIKE_FABRIC
amywinehouseset1,1,CR-MISSING_PARTS
100576BROWN-L,1,AMZ-PG-APP-TOO-LARGE
spacedogwig001,1,CR-DEFECTIVE
ninjanogginmask-nude,1,AMZ-PG-APP-TOO-SMALL
starwars164-M,1,AMZ-PG-APP-TOO-SMALL
leagueoftheirowncostume-L/XLdeluxe,1,AMZ-PG-APP-TOO-SMALL
mm003JRSblue-L,1,AMZ-PG-APP-TOO-SMALL
mm001Nyel-L,1,CR-UNWANTED_ITEM
mm003JRSgreen-XXL,1,CR-UNWANTED_ITEM
103013-TmntEyeMask-Blue,1,CR-DEFECTIVE
leagueoftheirowncostume-Small/Medium,1,AMZ-PG-APP-TOO-SMALL
captamerica031-L,1,AMZ-PG-APP-TOO-LARGE
leagueoftheirowncostume-Small/Medium,1,AMZ-PG-APP-TOO-LARGE
tmntmasks-Purple,1,CR-UNWANTED_ITEM
100950-CowboyChaps1,1,CR-UNWANTED_ITEM
karate001-L,1,CR-FOUND_BETTER_PRICE
LukeWig-1200,1,CR-UNWANTED_ITEM
220864-CrewMate-Pink-TEEN,1,CR-UNWANTED_ITEM
SheriffWoodyBadge,1,AMZ-PG-APP-STYLE
snlbearsVESTsweater-XL,1,AMZ-PG-APP-TOO-SMALL
1162-DeluxeVikingWigBeardSetGray,1,AMZ-PG-BAD-DESC
DSSCDRA-MickeyHeadsHoliday-XL,1,AMZ-PG-APP-TOO-LARGE
100576BROWN-M,1,AMZ-PG-APP-TOO-SMALL
220859-CrewMate-Red-STD,1,AMZ-PG-BAD-DESC
tmnt016-Leo-Mens-XS,1,AMZ-PG-APP-TOO-LARGE
dodgeball003N-M,1,AMZ-PG-BAD-DESC
220965-GhostSpiderOnesie-5-6,1,CR-DEFECTIVE
waldocostumeDELUXE-M,1,CR-UNWANTED_ITEM
waldocostumeDELUXE-XL,1,CR-UNWANTED_ITEM
CY034-ChristmasStoryUnionSuit-5X,1,AMZ-PG-APP-TOO-SMALL
100950-CowboyChaps1,1,CR-DEFECTIVE
220786-LT-DumbDumber-BLUE-S,1,CR-DEFECTIVE
wrestlingboots-XXLW,1,CR-SWITCHEROO
tmnt020d-S,1,AMZ-PG-APP-TOO-SMALL
leagueoftheirowncostume-L/XLdeluxe,1,AMZ-PG-APP-TOO-SMALL
hulkpants001-S,1,AMZ-PG-APP-TOO-SMALL
M&M-Green-JUNIORS-Shirt-L,1,AMZ-PG-APP-TOO-SMALL
220939-BeerfestTracksuit-XXL,1,CR-UNWANTED_ITEM
QF009BBSTV-BlueyPajamas-3T,1,CR-MISSED_ESTIMATED_DELIVERY
karatekidcobrakaidlxcostumetXL-Deluxe-XL,1,CR-DEFECTIVE
wrestlingboots-SY,1,CR-DEFECTIVE
220864-CrewMate-Pink-TEEN,1,CR-DEFECTIVE
220757-AverageJoesWomensSet-L,1,CR-SWITCHEROO
100576BLACK-S,1,AMZ-PG-APP-TOO-SMALL
JessieWig,1,AMZ-PG-APP-TOO-LARGE
tysontattoo,2,CR-UNWANTED_ITEM
ElizaZombieWig-1219,1,AMZ-PG-APP-TOO-LARGE
PRangersShirtYouth-Red-XS,1,AMZ-PG-APP-TOO-LARGE
mm003JRSblue-XL,1,AMZ-PG-APP-TOO-SMALL
103011-ChuckyKidsShoes-11-12,1,CR-DEFECTIVE
mm003JRSblue-XL,1,AMZ-PG-APP-TOO-SMALL
suicidesquad003-M,1,AMZ-PG-APP-TOO-SMALL
TMNTShirt-Youth-Leonardo-XS,1,AMZ-PG-APP-TOO-LARGE
1152-WendyWig,1,AMZ-PG-APP-TOO-SMALL
leagueoftheirowncostume-Small/Medium,1,AMZ-PG-APP-TOO-SMALL
M&M-Green-JUNIORS-Shirt-M,1,AMZ-PG-APP-TOO-SMALL
NK0068-TMNTPJMike-S,1,CR-DEFECTIVE
QF009BBSTV-BlueyPajamas-6,1,CR-UNWANTED_ITEM
TMNTShirt-Youth-Mike-L,1,CR-UNWANTED_ITEM
220866-CrewMate-Black-STD,1,AMZ-PG-BAD-DESC
leagueoftheirownGIRLS-10/12,9,CR-UNWANTED_ITEM
leagueoftheirownGIRLS-7/8,1,CR-UNWANTED_ITEM
220965-GhostSpiderOnesie-5-6,1,CR-DEFECTIVE
kennypowerscharroskit1-S,1,AMZ-PG-APP-TOO-SMALL
snlbearsVESTsweater-XL,1,AMZ-PG-APP-TOO-LARGE
PRangersShirtYouth-Yellow-M,1,AMZ-PG-APP-STYLE
220843-ConeHead-Teen,1,CR-UNWANTED_ITEM
220922-NachoLibreCostume-L,1,CR-DEFECTIVE
nwo001-XXL,1,AMZ-PG-APP-TOO-LARGE
M&M-Blue-JUNIORS-Shirt-XL,1,AMZ-PG-APP-TOO-SMALL
SharkCoustumeYouth,1,CR-UNWANTED_ITEM
NDSS0K5M-PineappleHousePants-S,1,AMZ-PG-APP-TOO-LARGE
suitpajamas001black-XXL,1,AMZ-PG-APP-TOO-SMALL
220925-AlexHamiltonCostume-L,1,CR-ORDERED_WRONG_ITEM
powerrangerssweatshirtPink-XXXL,1,AMZ-PG-APP-TOO-LARGE
tmntmasks-Purple,1,CR-SWITCHEROO
SheriffWoodyCostumeSet-XXL,1,CR-SWITCHEROO
puddinchoker1,1,AMZ-PG-WJ-TOO-SMALL
M&M-Green-JUNIORS-Shirt-XS,1,AMZ-PG-APP-TOO-SMALL
plumtree001-L,1,AMZ-PG-APP-TOO-SMALL
wrestlingboots-MY,1,CR-UNWANTED_ITEM
redboa001N,1,CR-UNWANTED_ITEM
tmnt016-Leo-Mens-XS,1,AMZ-PG-APP-TOO-LARGE
tmntmasks-Orange,1,AMZ-PG-APP-TOO-SMALL
109029N-HocusPocusWINICostume-M,1,AMZ-PG-APP-STYLE
soahat005-S/M,1,AMZ-PG-APP-TOO-SMALL
tmntapriloneilcostume-S/M,1,AMZ-PG-APP-TOO-LARGE
RMSM2115-RickMorty-2X,1,AMZ-PG-APP-TOO-SMALL
1174-UmaWig,1,AMZ-PG-APP-TOO-SMALL
220813-CluesShirtKIDS-GREEN-2T,1,CR-UNWANTED_ITEM
simp023-S,1,AMZ-PG-APP-TOO-LARGE
simp023-S,1,AMZ-PG-APP-TOO-LARGE
220752-RockfordPeachesMENS-3XL,1,CR-DEFECTIVE
starwarsearrings002,1,CR-FOUND_BETTER_PRICE
flocostume001,1,CR-UNWANTED_ITEM
waldocostumeDELUXE-BOYS-M,1,AMZ-PG-BAD-DESC
BoxingRobe-Blue,1,CR-UNWANTED_ITEM
tmnt056Raph-4XL,1,CR-SWITCHEROO
hulk001ym,1,AMZ-PG-APP-TOO-SMALL
leagueoftheirownGIRLS-2T,1,CR-DEFECTIVE
machomanbandana-Pink,1,DID_NOT_LIKE_COLOR
IncredibleSuperheroWig-1240,1,CR-UNWANTED_ITEM
usasocks001,1,CR-UNWANTED_ITEM
TMNTShirt-Youth-Leonardo-S,1,AMZ-PG-APP-TOO-LARGE
NK0071-TMNTPJRapahel-M,1,CR-UNWANTED_ITEM
NK0072-TMNTPJDonatello-L,1,AMZ-PG-BAD-DESC
100585-MoonBoots-10/11,1,CR-DEFECTIVE
220965-GhostSpiderOnesie-7-8,1,CR-SWITCHEROO
blackswancostume-S,1,CR-DEFECTIVE
tmnt016-Raph-Mens-XS,1,AMZ-PG-APP-TOO-LARGE
DSSCDRA-MickeyHeadsHoliday-L,1,AMZ-PG-APP-TOO-LARGE
tmntapriloneilcostume-S/M,1,AMZ-PG-APP-TOO-SMALL
109019B-HocusPocusMARYCostume-M,1,CR-UNWANTED_ITEM
doubledare001blue-XXL,1,CR-UNWANTED_ITEM
mm001Nblu-XS,1,CR-SWITCHEROO
M&M-Green-JUNIORS-Shirt-XS,1,AMZ-PG-BAD-DESC
220775-BigBoyOverall-RED-S/M,1,AMZ-PG-BAD-DESC
doubledaregoggles,1,CR-UNWANTED_ITEM
frankie002-S,1,AMZ-PG-APP-TOO-SMALL
caddyshackhat001,1,AMZ-PG-APP-TOO-LARGE
leagueoftheirowncostume-L/XLdeluxe,1,AMZ-PG-APP-TOO-SMALL
220752-RockfordPeachesMENS-2XL,1,CR-DEFECTIVE
100585-MoonBoots-8/9,1,AMZ-PG-BAD-DESC
great003-M,1,CR-DEFECTIVE
btlc004-L,1,DID_NOT_LIKE_COLOR
YellowHulkGlasses,1,CR-MISSED_ESTIMATED_DELIVERY
100576BLACK-S,1,AMZ-PG-APP-TOO-SMALL
powerrangers009-M,1,AMZ-PG-APP-TOO-LARGE
incredhulk013-L,1,AMZ-PG-APP-TOO-SMALL
tmnteyemaskset-KIDS,1,CR-UNWANTED_ITEM
109029N-HocusPocusWINICostume-L,1,AMZ-PG-APP-TOO-LARGE
220751-SethSuperbad-M,1,CR-UNWANTED_ITEM
tmnt016-Mike-Mens-XS,1,CR-UNWANTED_ITEM
tmnt056Don-XL,1,AMZ-PG-APP-TOO-LARGE
XO011MBSTV-TopGunPajamaSuit-M,1,DID_NOT_LIKE_FABRIC
TSM20002TV-WoodyBelt-S,2,AMZ-PG-APP-TOO-SMALL
204092-RainbowCardigan-L,1,CR-UNWANTED_ITEM
leagueoftheirownGIRLS-10/12,1,AMZ-PG-BAD-DESC
dumbtankdressBlue-XL,1,AMZ-PG-APP-TOO-SMALL
starwars164-M,1,AMZ-PG-APP-TOO-SMALL
QF009BBSTV-BlueyPajamas-8,1,CR-MISSING_PARTS
machomanbandana-Pink,1,DID_NOT_LIKE_COLOR
wmw001,1,AMZ-PG-APP-STYLE
suicidesquad003-3X,1,CR-ORDERED_WRONG_ITEM
tmntapriloneilcostume-L/XL,1,AMZ-PG-APP-TOO-SMALL
amywinehouseset1,1,CR-UNWANTED_ITEM
doubledare001blue-XL,1,CR-UNWANTED_ITEM
PowerRangers-Pink-SLShirt-XS,1,AMZ-PG-APP-TOO-LARGE
GhostbustersDress-25KHA-2XL,1,CR-DEFECTIVE
GhostbustersDress-25KHA-XL,1,CR-DEFECTIVE
TMNTShirt-Youth-Raphael-L,1,AMZ-PG-APP-TOO-SMALL
starwars164-S,1,AMZ-PG-APP-TOO-SMALL
220965-GhostSpiderOnesie-2T,1,CR-UNWANTED_ITEM
ScottPilgrim-SharpieShirt-S,1,AMZ-PG-APP-TOO-SMALL
tmnt016-Leo-Mens-XS,1,AMZ-PG-APP-TOO-LARGE
JLSN214-TuneSquadBUGS-XS,1,AMZ-PG-BAD-DESC
germanhat001-grey,1,AMZ-PG-APP-TOO-LARGE
TMNTShirt-Youth-Leonardo-M,1,AMZ-PG-APP-TOO-LARGE
100950-CowboyChaps1,1,CR-UNWANTED_ITEM
103011-ChuckyKidsShoes-11-12,1,AMZ-PG-BAD-DESC
PRangersShirtYouth-Red-XS,1,CR-UNWANTED_ITEM
PRangersShirtYouth-Red-XS,1,AMZ-PG-APP-TOO-LARGE
NK0072-TMNTPJDonatello-M,1,CR-DEFECTIVE
NK0072-TMNTPJDonatello-S,1,CR-DEFECTIVE
aerosmith002-S,1,AMZ-PG-APP-TOO-SMALL
sbb015-XL,1,AMZ-PG-APP-TOO-SMALL
dodgeball003-XL,1,CR-ORDERED_WRONG_ITEM
220767-QuintCostumeSet-L,1,AMZ-PG-APP-STYLE
RedBandanaRedGlasses,1,CR-MISSED_ESTIMATED_DELIVERY
220901-FreshPrinceCostume-L,1,CR-UNWANTED_ITEM
tmnt056Raph-S,1,AMZ-PG-APP-TOO-LARGE
RacineBellsCostumeDressWomens-L/XL,1,CR-DEFECTIVE
leagueoftheirowncostume-L/XLdeluxe,1,AMZ-PG-APP-TOO-SMALL
tmntmasks-Purple,1,DID_NOT_LIKE_FABRIC
TMNTShirt-Youth-Leonardo-M,1,AMZ-PG-APP-TOO-SMALL
mm003JRSgreen-L,1,AMZ-PG-APP-TOO-SMALL
tmntsocks003-Mike,1,CR-FOUND_BETTER_PRICE
wrestlingboots-XXLred,1,AMZ-PG-APP-TOO-LARGE
mm001Norg-XXL,1,CR-SWITCHEROO
mm001Ngrn-3XL,1,AMZ-PG-APP-TOO-LARGE
mm003JRSgreen-XL,1,AMZ-PG-APP-TOO-SMALL
tmntapriloneilcostume-S/M,1,AMZ-PG-APP-TOO-SMALL
tmntmasks-Red,1,CR-QUALITY_UNACCEPTABLE
TMNTShirt-Youth-Leonardo-XS,1,AMZ-PG-APP-TOO-LARGE
TMNTShirt-Youth-Raphael-M,1,AMZ-PG-APP-TOO-SMALL
tmntmasks-Red,1,CR-UNWANTED_ITEM
tootsiecolortankPink-S,1,CR-UNWANTED_ITEM
mm003JRSyellow-M,1,CR-UNWANTED_ITEM
suicidesquad005womens-XL,1,AMZ-PG-APP-TOO-SMALL
suicidesquad005womens-XL,1,CR-QUALITY_UNACCEPTABLE
tmnt016-Raph-Mens-XL,1,AMZ-PG-APP-TOO-LARGE
biglpants001-L,1,CR-UNWANTED_ITEM
tootsiecolortankOrange-M,1,CR-UNWANTED_ITEM
tootsiecolortankPink-S,1,CR-UNWANTED_ITEM
220881-GriswoldHat-OS,1,AMZ-PG-APP-STYLE
sbb015-XXL,1,DID_NOT_LIKE_FABRIC
tmntapriloneilcostume-L/XL,1,AMZ-PG-APP-TOO-SMALL
mm003JRSblue-M,1,AMZ-PG-APP-TOO-SMALL
M&M-Red-JUNIORS-Shirt-2XL,1,AMZ-PG-APP-TOO-SMALL
tmntmasks-Purple,1,CR-UNWANTED_ITEM
TMNTShirt-Youth-Leonardo-XS,1,AMZ-PG-APP-TOO-LARGE
M&M-Yellow-JUNIORS-Shirt-S,1,AMZ-PG-APP-TOO-SMALL
220752-RockfordPeachesMENS-2XL,1,CR-UNWANTED_ITEM
220752-RockfordPeachesMENS-2XL,1,CR-UNWANTED_ITEM
mm003JRSgreen-S,1,CR-UNWANTED_ITEM
100578BLACK-L,1,AMZ-PG-APP-STYLE
tmnteyemaskset,1,CR-DEFECTIVE
leagueoftheirownMENS-S/M,1,CR-UNWANTED_ITEM
leagueoftheirowncostume-Small/Medium,1,CR-UNWANTED_ITEM
Futurama003-L,1,CR-UNWANTED_ITEM
TMNTShirt-Youth-Donatello-L,1,AMZ-PG-APP-TOO-SMALL
TMNTShirt-Youth-Mike-L,1,AMZ-PG-APP-TOO-SMALL
wrestlingboots-XLW,1,CR-UNWANTED_ITEM
hulk001jrYELN-L,2,AMZ-PG-APP-TOO-SMALL
220744-AhoySailorCostume-MENS-STD,1,AMZ-PG-APP-TOO-SMALL
103011-ChuckyKidsShoes-7-8,1,CR-ORDERED_WRONG_ITEM
tmnt056Raph-XXXL,1,AMZ-PG-APP-TOO-LARGE
QF009BBSTV-BlueyPajamas-4,1,CR-DEFECTIVE
powerrangers009-XL,1,DID_NOT_LIKE_FABRIC
QF009BBSTV-BlueyPajamas-6,1,CR-UNWANTED_ITEM
DodgeballCobrasCostumeSet-M,1,CR-SWITCHEROO
tmnt045Don-XXL,1,CR-UNWANTED_ITEM
tmntmasks-Red,1,AMZ-PG-APP-STYLE
220839-SashFlag,1,CR-DAMAGED_BY_FC
QF009BBSTV-BlueyPajamas-6,1,CR-DEFECTIVE
dodgeball003-L,1,CR-SWITCHEROO
caddy010-3X,1,CR-DEFECTIVE
220898-EllenGirswold-XXL,1,AMZ-PG-BAD-DESC
220759-BLUE-DetectiveBLUEShirt1-S,1,AMZ-PG-APP-TOO-SMALL
100584-SheriffBoots-12/13,1,AMZ-PG-APP-STYLE
TSM20002TV-WoodyBelt-L,1,AMZ-PG-APP-STYLE
SheriffWoodyBadge,1,AMZ-PG-APP-TOO-LARGE
superherocape002CHILDred-red,1,CR-UNWANTED_ITEM
tmntapriloneilcostume-L/XL,1,AMZ-PG-APP-TOO-SMALL
tmnt056Raph-XL,1,CR-UNWANTED_ITEM
chubsuitcostume001-Green,1,CR-SWITCHEROO
powerrangers017red-S,1,CR-SWITCHEROO
starwars164-S,1,DID_NOT_LIKE_FABRIC
tmntapriloneilcostume-S/M,1,AMZ-PG-APP-TOO-SMALL
tmntcostumehoodieLeonardo-XS,1,AMZ-PG-APP-TOO-LARGE
PowerRangers-White-SLShirt-S,1,CR-UNWANTED_ITEM
PowerRangers-Yellow-SLShirt-M,1,AMZ-PG-APP-TOO-LARGE
powerrangers018blue-0/6,1,AMZ-PG-APP-TOO-SMALL
tmnt016-Mike-Mens-S,1,AMZ-PG-APP-TOO-LARGE
220965-GhostSpiderOnesie-5-6,1,CR-UNWANTED_ITEM
204092-RainbowCardigan-L,1,CR-MISSED_ESTIMATED_DELIVERY
tmntmasks-Purple,1,CR-QUALITY_UNACCEPTABLE
suitpajamas001black-XL,1,AMZ-PG-APP-TOO-SMALL
mm003JRSgreen-L,1,AMZ-PG-APP-TOO-SMALL
1156-PartyLateWigGoatee,1,AMZ-PG-APP-TOO-LARGE
MooseMug001-4Pack,2,CR-MISSED_ESTIMATED_DELIVERY
10068387-BuzzPajamaSet-S,1,AMZ-PG-APP-TOO-LARGE
starwars164-L,1,CR-UNWANTED_ITEM
4U9ML-ERNIE-CostumeShirt-M,1,CR-UNWANTED_ITEM
CY034-ChristmasStoryUnionSuit-3XL,1,AMZ-PG-APP-TOO-LARGE
CY034-ChristmasStoryUnionSuit-4X,1,AMZ-PG-APP-TOO-LARGE
PineappleExpressPants-S,1,AMZ-PG-APP-TOO-SMALL
hulkglassesN-yellow,1,CR-MISSED_ESTIMATED_DELIVERY
acwig,1,AMZ-PG-APP-STYLE
WaynesWorldWigHat-Youth,1,CR-ORDERED_WRONG_ITEM
woodycostumeshirt-L-XL,1,AMZ-PG-APP-TOO-SMALL
tmnt016-Raph-Mens-M,1,AMZ-PG-APP-TOO-LARGE
tmnt016-Leo-Mens-S,1,AMZ-PG-APP-TOO-SMALL
tmnteyemaskset,1,CR-UNAUTHORIZED_PURCHASE
rockyshorts-XL,1,DID_NOT_LIKE_FABRIC
100576BLACK-XL,1,CR-DEFECTIVE
100576BLACK-M,1,AMZ-PG-APP-TOO-LARGE
tmnt016-Raph-Mens-XS,1,AMZ-PG-APP-TOO-LARGE
suicidesquad003-XS,1,AMZ-PG-APP-TOO-SMALL
rubiks002-L,1,CR-UNWANTED_ITEM
starwars164-XL,1,CR-QUALITY_UNACCEPTABLE
101001-MachoManBandana,1,AMZ-PG-APP-TOO-LARGE
220794-RickyShirt-3XL,1,CR-UNWANTED_ITEM
NK0071-TMNTPJRapahel-L,1,AMZ-PG-APP-TOO-LARGE
NK0071-TMNTPJRapahel-L,1,AMZ-PG-APP-TOO-SMALL
bigl032-XL,1,AMZ-PG-APP-TOO-LARGE
bigldudecostume001-XL,1,CR-UNWANTED_ITEM
220791-TigerKingShirt-BLUE-XXXL,1,AMZ-PG-APP-TOO-LARGE
powerrangers007-XS,1,AMZ-PG-APP-TOO-LARGE
usasocks001,1,CR-UNWANTED_ITEM
insideoutjoywig,1,CR-DEFECTIVE
incredhulk013-M,1,AMZ-PG-APP-TOO-LARGE
220970-SaulDuffleBag-OS,1,CR-MISSED_ESTIMATED_DELIVERY
100576BROWN-S,1,AMZ-PG-APP-TOO-LARGE
PolkHighJersey-3X,1,CR-UNWANTED_ITEM
leagueoftheirowncostume-L/XLdeluxe,1,AMZ-PG-APP-TOO-SMALL
220752-RockfordPeachesMENS-L/XL,1,CR-ORDERED_WRONG_ITEM
tmnt016-Raph-Mens-L,1,AMZ-PG-APP-TOO-SMALL
ferris008green-XXL,1,AMZ-PG-APP-TOO-LARGE
TMNTShirt-Youth-Leonardo-XS,1,AMZ-PG-APP-TOO-LARGE
100576BROWN-XL,1,AMZ-PG-APP-TOO-LARGE
tmntmasks-Orange,1,DID_NOT_LIKE_COLOR
100950-CowboyChaps1,1,CR-DEFECTIVE
TMNTShirt-Youth-Leonardo-S,1,AMZ-PG-APP-TOO-LARGE
tmnt016-Don-Mens-L,1,AMZ-PG-APP-TOO-LARGE
leagueoftheirowncostume-L/XLdeluxe,1,AMZ-PG-APP-TOO-LARGE
spacedogwig001,1,AMZ-PG-BAD-DESC
tmnt016-Leo-Mens-S,1,CR-MISSED_ESTIMATED_DELIVERY
BretHitmanSunglasses,1,CR-UNWANTED_ITEM
RMSM2115-RickMorty-XL,1,AMZ-PG-APP-TOO-SMALL
amywinehousewig,1,CR-UNWANTED_ITEM
TMNTShirt-Youth-Leonardo-XS,2,CR-UNWANTED_ITEM
spacedogwig001,1,AMZ-PG-BAD-DESC
NBKglasses,1,CR-UNWANTED_ITEM
WillysWonderland-Shirt-2XL,1,CR-UNWANTED_ITEM
4U8ML-BERT-CostumeShirt-M,1,AMZ-PG-APP-TOO-LARGE
NBKglasses,1,CR-UNWANTED_ITEM
Office008-XL,1,AMZ-PG-APP-TOO-LARGE
sein034-S,1,DID_NOT_LIKE_FABRIC
leagueoftheirowncostume-L/XL,1,CR-DAMAGED_BY_FC
SM0045-SimpsonsTshirt-4XL,1,AMZ-PG-APP-TOO-SMALL
DSTS26LGS-BuzzLightyearJuniotsTshirt-S,1,AMZ-PG-APP-STYLE
PRangersShirtYouth-Pink-XS,1,AMZ-PG-APP-TOO-SMALL
flintstones001-S,1,AMZ-PG-APP-TOO-SMALL
G0MSC20-VenkmanShirt-M,1,AMZ-PG-APP-TOO-SMALL
FWMSC20-StantzShirt-XL,1,AMZ-PG-APP-TOO-SMALL
MightyDucksJersey-Reed-XXL,1,AMZ-PG-APP-STYLE
tmnt016-Leo-Mens-XS,1,AMZ-PG-APP-TOO-LARGE
100576BLACK-XL,1,CR-UNWANTED_ITEM
hulk001ym,1,AMZ-PG-APP-TOO-LARGE
XO011MBSTV-TopGunPajamaSuit-M,1,DID_NOT_LIKE_FABRIC
tmntapriloneilcostume-L/XL,1,AMZ-PG-APP-TOO-SMALL
220893-TedLassoSweater-XL,1,AMZ-PG-APP-TOO-LARGE
HulkamaniaKIDS-RedSunRedBan-M,1,CR-MISSED_ESTIMATED_DELIVERY
caddyshackhat001,1,CR-MISSED_ESTIMATED_DELIVERY
tmnteyemaskset,1,CR-DEFECTIVE
wrestlingboots-LY,1,AMZ-PG-APP-TOO-LARGE
TMNTShirt-Youth-Leonardo-XS,1,AMZ-PG-APP-TOO-LARGE
leagueoftheirownGIRLS-7/8,1,CR-UNWANTED_ITEM
HulkamaniaKIDS-RedSunRedBan-M,1,CR-MISSED_ESTIMATED_DELIVERY
nwo004redN-2XL,1,AMZ-PG-APP-TOO-SMALL
HPGryffindorPajamaSet-Red-M,1,CR-DEFECTIVE
JackDaniels001-MensShirt-M,1,AMZ-PG-APP-TOO-SMALL
M&M-Yellow-JUNIORS-Shirt-2XL,1,CR-QUALITY_UNACCEPTABLE
ElvisGlasses001-Gold,1,CR-SWITCHEROO
caddyshackhat001,1,CR-MISSED_ESTIMATED_DELIVERY
leagueoftheirowncostume-L/XLdeluxe,1,AMZ-PG-APP-TOO-SMALL
rockfordsocks001,1,CR-UNWANTED_ITEM
1147-BeastWigandBeard,1,CR-UNWANTED_ITEM
woodycostumeshirt-L-XL,1,AMZ-PG-APP-TOO-SMALL
846523-WonderlandBoyshorts,1,AMZ-PG-APP-TOO-SMALL
tmntapriloneilcostume-S/M,1,AMZ-PG-APP-TOO-SMALL
furiespants-L,1,AMZ-PG-APP-TOO-SMALL
aerosmith002-M,1,AMZ-PG-APP-TOO-SMALL
tmntapriloneilcostume-L/XL,1,AMZ-PG-APP-TOO-SMALL
madhatterpurse001,1,CR-UNWANTED_ITEM
PS0001-PlaystationPants-M,1,AMZ-PG-APP-TOO-SMALL
caddyshackhat003,1,CR-UNWANTED_ITEM
XO011MBSTV-TopGunPajamaSuit-XL,1,AMZ-PG-APP-TOO-SMALL
glee012-XL,1,AMZ-PG-APP-TOO-SMALL
tmnt046jDon-S,1,AMZ-PG-APP-TOO-SMALL
220714-TrainEngineerChildCostume-2/3,1,CR-ORDERED_WRONG_ITEM
leagueoftheirowncostume-Small/Medium,1,AMZ-PG-APP-TOO-SMALL
100576BROWN-M,1,AMZ-PG-APP-TOO-SMALL
tmntmasks-Red,1,AMZ-PG-APP-TOO-LARGE
suitpajamas001black-XL,1,AMZ-PG-APP-TOO-SMALL
leagueoftheirowncostume-3X/4X,1,CR-UNWANTED_ITEM
tmntmasks-Red,1,CR-UNWANTED_ITEM
tmntmasks-Purple,1,CR-UNWANTED_ITEM
220752-RockfordPeachesMENS-S/M,1,CR-UNWANTED_ITEM
leagueoftheirowncostume-L/XLdeluxe,1,AMZ-PG-APP-TOO-LARGE
220757-AverageJoesWomensSet-M,1,CR-UNWANTED_ITEM
BretHitmanSunglasses,1,AMZ-PG-BAD-DESC
1246-NapoleonKit-Shirt-S,1,CR-UNWANTED_ITEM
mm003JRSgreen-XXL,1,AMZ-PG-APP-TOO-SMALL
tmntmasks-Purple,1,CR-MISSED_ESTIMATED_DELIVERY
220757-AverageJoesWomensSet-XS,1,CR-DEFECTIVE
aerosmith002-L,1,CR-MISSED_ESTIMATED_DELIVERY
CousinEdRobe-Hat-SET,1,CR-UNWANTED_ITEM
100584-SheriffBoots-12/13,1,CR-UNWANTED_ITEM
103019-PurpleCobrasArmor,1,CR-UNWANTED_ITEM
superherocape002ADULTred-blu,1,AMZ-PG-APP-STYLE
waldocostumeDELUXE-S,1,AMZ-PG-BAD-DESC
waldocostumeDELUXE-XS,1,AMZ-PG-BAD-DESC
FYMSC20-ZeddemoreShirt-2XL,1,AMZ-PG-APP-TOO-LARGE
FYMSC20-ZeddemoreShirt-XL,1,AMZ-PG-APP-TOO-LARGE
JackDaniels001-MensShirt-3XL,1,AMZ-PG-APP-TOO-LARGE
oktoberfestlederhosenSHORTS-36,1,AMZ-PG-APP-TOO-SMALL
mm003JRSyellow-L,1,AMZ-PG-APP-TOO-SMALL
mm003JRSblue-XXL,1,AMZ-PG-APP-TOO-SMALL
tmntapriloneilcostume-S/M,1,CR-UNWANTED_ITEM
hoosiers003-L,1,DID_NOT_LIKE_COLOR
220892-MabelPineSweater-M,1,AMZ-PG-APP-TOO-SMALL
QF009BBSTV-BlueyPajamas-6,1,AMZ-PG-BAD-DESC
103018-CousinEddieOrangeHose,1,AMZ-PG-BAD-DESC
super068-L,1,AMZ-PG-APP-TOO-LARGE
super068-M,1,AMZ-PG-APP-TOO-LARGE
tmnt056Don-XXL,1,AMZ-PG-BAD-DESC
QF009BBSTV-BlueyPajamas-6,1,CR-UNWANTED_ITEM
suicidesquad003-XS,1,CR-UNWANTED_ITEM
mash031-L,1,CR-UNWANTED_ITEM
PeepholeFrame,1,CR-ORDERED_WRONG_ITEM
220781-MeanGirlsSantaCostume-2XL,1,AMZ-PG-APP-STYLE
hoosiers003-XXL,1,CR-MISSED_ESTIMATED_DELIVERY
mm003JRSgreen-L,1,AMZ-PG-APP-STYLE
mm003JRSblue-L,1,AMZ-PG-APP-STYLE
mm003JRSred-L,1,AMZ-PG-APP-STYLE
alsunny001black-M,1,CR-UNWANTED_ITEM
PRangersShirtYouth-Red-XS,1,AMZ-PG-APP-TOO-SMALL
tmntapriloneilcostume-L/XL,1,AMZ-PG-APP-TOO-SMALL
PRangersShirtYouth-Red-XS,1,AMZ-PG-APP-TOO-LARGE
TMNTShirt-Youth-Leonardo-S,1,AMZ-PG-APP-TOO-LARGE
thewarrior001-L-XL,1,AMZ-PG-BAD-DESC
TMNTShirt-Youth-Leonardo-S,1,AMZ-PG-APP-TOO-LARGE
dodgeball003-XL,1,CR-UNWANTED_ITEM
NK0072-TMNTPJDonatello-S,1,CR-UNWANTED_ITEM
NK0071-TMNTPJRapahel-S,1,AMZ-PG-APP-TOO-SMALL
insideoutjoywig,1,CR-DEFECTIVE
TMNTShirt-Youth-Leonardo-S,1,AMZ-PG-APP-TOO-LARGE
tmnt056Don-XL,1,CR-UNWANTED_ITEM
tmnt056Raph-XL,1,CR-UNWANTED_ITEM
220865-CrewMate-Black-TEEN,1,CR-UNWANTED_ITEM
bigldudecostume001-XL,1,AMZ-PG-APP-TOO-LARGE
tmnt056Don-S,1,AMZ-PG-APP-TOO-LARGE
tmnt045Leo-XL,1,AMZ-PG-APP-TOO-LARGE
tmnt056Don-M,1,AMZ-PG-APP-TOO-LARGE
220895-MartyMcflyCostume-XL,1,AMZ-PG-BAD-DESC
hulkbriefs-M,1,DID_NOT_LIKE_COLOR
220823-PinkBunny-KIDS-2T,1,CR-UNWANTED_ITEM
insideoutjoywig,1,CR-DEFECTIVE
chubsuitcostume001-Gray,1,CR-DEFECTIVE
SheriffWoodyBadge,1,CR-DEFECTIVE
waldocostumeDELUXE-XS,1,AMZ-PG-BAD-DESC
CCXX21-DietCokeTankDress-S,1,AMZ-PG-APP-TOO-SMALL
sbb015-L,1,CR-QUALITY_UNACCEPTABLE
tmnt045Don-S,1,AMZ-PG-APP-TOO-LARGE
tmnt045Don-S,1,AMZ-PG-APP-TOO-LARGE
XO011MBSTV-TopGunPajamaSuit-S,1,AMZ-PG-APP-TOO-LARGE
CY034-ChristmasStoryUnionSuit-S,1,AMZ-PG-APP-TOO-LARGE
suicidesquad004-XS,1,CR-UNWANTED_ITEM
suicidesquad003-XS,1,CR-UNWANTED_ITEM
103013-TmntEyeMask-4PACK,1,CR-MISSED_ESTIMATED_DELIVERY
tmnt016-Don-Mens-XS,1,CR-UNWANTED_ITEM
wrestlingboots-MY,1,AMZ-PG-APP-TOO-LARGE
BretHitmanSunglasses,1,CR-DEFECTIVE
tmnt016-Leo-Mens-XS,1,AMZ-PG-APP-TOO-LARGE
NK0072-TMNTPJDonatello-S,1,CR-DEFECTIVE
oktoberfestmaid001BLUE-20,1,CR-DEFECTIVE
TMNTShirt-Youth-Leonardo-XS,1,CR-UNWANTED_ITEM
M&M-Red-JUNIORS-Shirt-XL,1,AMZ-PG-APP-TOO-SMALL
CCXX2-CocaColaDress-M,1,CR-DEFECTIVE
hangover014-XXXL,1,CR-UNWANTED_ITEM
teenwolfcostume1-XL,1,AMZ-PG-APP-TOO-LARGE
1180-GingerBeard,1,AMZ-PG-BAD-DESC
JLSN219-TuneSquadLOLA-L,1,AMZ-PG-APP-STYLE
tmntapriloneilcostume-L/XL,1,AMZ-PG-APP-TOO-SMALL
tmnt016-Don-Mens-XL,1,AMZ-PG-APP-TOO-LARGE
BuzzLightYearLongSleeveShirt-4XL,1,AMZ-PG-APP-TOO-SMALL
beautybeast001-L-XL,1,CR-UNWANTED_ITEM
DodgeballCobrasCostumeSet-XL,1,CR-SWITCHEROO
220894-RicFlairRobe-Deluxe-PNK,1,CR-ORDERED_WRONG_ITEM
aerosmith002-S,1,AMZ-PG-APP-TOO-LARGE
germanshirtBLUE-XXXL,1,AMZ-PG-APP-TOO-SMALL
220936-LegLampSkirt-L-XL,1,CR-UNWANTED_ITEM
WarriosJerseyPantsSet-L,1,CR-UNWANTED_ITEM
suicidesquad003-S,1,AMZ-PG-APP-TOO-SMALL
leagueoftheirowncostume-L/XLdeluxe,1,AMZ-PG-APP-TOO-SMALL
tmntmasks-Purple,1,CR-UNWANTED_ITEM
rockfordsocks001,1,AMZ-PG-APP-TOO-SMALL
suicidesquad003-3X,1,AMZ-PG-APP-TOO-LARGE
ateam001-M,1,CR-MISSED_ESTIMATED_DELIVERY
ateam001-L,1,CR-MISSED_ESTIMATED_DELIVERY
tmntapriloneilcostume-S/M,1,CR-UNWANTED_ITEM
220919-PeaceMakerCostume-XXL/3XL,1,CR-DEFECTIVE
TMNTShirt-Youth-Mike-S,1,AMZ-PG-APP-TOO-SMALL
powerrangers018yellow-6/12,1,AMZ-PG-APP-TOO-SMALL
220865-CrewMate-Black-TEEN,1,CR-DEFECTIVE
tmnt016-Raph-Mens-XS,1,AMZ-PG-APP-TOO-LARGE
220752-RockfordPeachesMENS-L/XL,1,CR-SWITCHEROO
TMNTShirt-Youth-Raphael-M,1,AMZ-PG-APP-TOO-LARGE
220888-ToddMargoShinySuit-L-XL,1,CR-UNWANTED_ITEM
fridaysecurityset-L-XL,1,AMZ-PG-APP-TOO-SMALL
NK0063-TMNTPJLeonardo-M,1,CR-UNWANTED_ITEM
blowupguitar,1,CR-MISSING_PARTS
tmnt016-Leo-Mens-XS,1,AMZ-PG-APP-TOO-LARGE
DSSCDRA-MickeyHeadsHoliday-S,1,AMZ-PG-APP-STYLE
220898-EllenGirswold-S,1,CR-SWITCHEROO
220850-ChuckieCostume-5-6T,1,CR-UNWANTED_ITEM
oktoberfestlederhosenPANTS-40,1,AMZ-PG-APP-TOO-SMALL
NK0072-TMNTPJDonatello-L,1,CR-DEFECTIVE
NK0068-TMNTPJMike-L,1,CR-DEFECTIVE
mm003JRSorange-L,1,AMZ-PG-APP-TOO-SMALL
220859-CrewMate-Red-STD,1,CR-ORDERED_WRONG_ITEM
220925-AlexHamiltonCostume-XL,1,CR-MISSING_PARTS
220925-AlexHamiltonCostume-XL,1,CR-MISSING_PARTS
100576BROWN-L,1,AMZ-PG-APP-TOO-SMALL
dodgeball003-XXXL,2,AMZ-PG-BAD-DESC
103011-ChuckyKidsShoes-5-6,1,CR-DEFECTIVE
rockyrobe1,1,AMZ-PG-BAD-DESC
suicidesquad003-XS,1,AMZ-PG-APP-TOO-LARGE
tmnt016-Don-Mens-2XL,1,AMZ-PG-APP-TOO-LARGE
CVGriswoldLoungePants-WR0319-52-L,1,CR-SWITCHEROO
TMNTShirt-Youth-Leonardo-M,1,AMZ-PG-APP-TOO-SMALL
tmnt016-Raph-Mens-L,1,AMZ-PG-APP-TOO-LARGE
QF009BBSTV-BlueyPajamas-8,1,CR-ORDERED_WRONG_ITEM
100578BLACK-M,1,CR-SWITCHEROO
220814-PowerRangerPJ-PNK-XL,1,AMZ-PG-APP-TOO-LARGE
incredhulk013-XL,1,AMZ-PG-APP-TOO-LARGE
220814-PowerRangerPJ-PNK-2XL,1,AMZ-PG-APP-TOO-LARGE
220898-EllenGirswold-XL,1,CR-DEFECTIVE
leagueoftheirowncostume-L/XLdeluxe,1,AMZ-PG-APP-TOO-SMALL
soahat005-S/M,1,AMZ-PG-APP-TOO-SMALL
blackswancostume-L,1,AMZ-PG-BAD-DESC
mannequin001-Nude-Toddler,1,CR-UNAUTHORIZED_PURCHASE
wrestlingboots-SB,1,CR-UNWANTED_ITEM
Ghostbusters-GBXX1A-S,1,CR-MISSING_PARTS
100576BROWN-M,1,AMZ-PG-APP-TOO-SMALL
suicidesquad004-XS,1,CR-UNWANTED_ITEM
220875-VariantJacket-L,1,CR-ORDERED_WRONG_ITEM
powerrangerssweatshirtBlue-S,1,AMZ-PG-APP-TOO-LARGE
wrestlingboots-Lred,1,CR-SWITCHEROO
tmnt016-Don-Mens-XS,1,CR-UNWANTED_ITEM
wrestlingboots-MY,1,CR-MISSED_ESTIMATED_DELIVERY
220767-QuintCostumeSet-XL,1,AMZ-PG-APP-TOO-LARGE
tmnt020-leo-juniors-L,1,AMZ-PG-APP-TOO-SMALL
tmnt016-Don-Mens-XS,1,AMZ-PG-APP-TOO-SMALL
leagueoftheirowncostume-L/XLdeluxe,1,AMZ-PG-APP-TOO-SMALL
100585-MoonBoots-6/7,1,CR-UNWANTED_ITEM
220965-GhostSpiderOnesie-5-6,1,CR-UNWANTED_ITEM
TMNTShirt-Youth-Donatello-L,1,AMZ-PG-APP-TOO-LARGE
220892-MabelPineSweater-S,1,CR-ORDERED_WRONG_ITEM
100576BLACK-S,1,AMZ-PG-APP-TOO-SMALL
smashpumpkins002-M,1,DID_NOT_LIKE_COLOR
220786-LT-DumbDumber-BLUE-S,1,CR-UNWANTED_ITEM
powerrangers018pink-12/18,1,DID_NOT_LIKE_COLOR
tmnt016-Raph-Mens-3XL,1,AMZ-PG-APP-TOO-SMALL
mm003JRSorange-S,1,AMZ-PG-APP-TOO-SMALL
WB1658-WB1659-WonderWomanCostumeSet1-M,1,CR-UNWANTED_ITEM
drseuss015-XXL,1,CR-UNWANTED_ITEM
tmnt016-Mike-Mens-3XL,1,CR-DEFECTIVE
powerrangers017green-S,1,AMZ-PG-APP-TOO-SMALL
100576BLACK-M,1,AMZ-PG-APP-TOO-SMALL
TMNTShirt-Youth-Mike-L,1,AMZ-PG-APP-TOO-LARGE
tmnt016-Leo-Mens-XS,1,AMZ-PG-APP-TOO-SMALL
204070-DetectiveGREENShirt-L,1,AMZ-PG-BAD-DESC
stepbros010-S,1,AMZ-PG-APP-TOO-SMALL
stepbros010-L,1,AMZ-PG-APP-TOO-LARGE
mypony033-L,1,AMZ-PG-APP-TOO-SMALL
tmntapriloneilcostume-S/M,1,AMZ-PG-APP-TOO-SMALL
ucs3d001-XL,1,AMZ-PG-APP-TOO-LARGE
ricflare001-pink,1,AMZ-PG-APP-TOO-LARGE
TMNTShirt-Youth-Mike-S,1,CR-UNWANTED_ITEM
TMNTShirt-Youth-Mike-S,2,CR-UNWANTED_ITEM
CCXX2-CocaColaDress-S,1,CR-UNWANTED_ITEM
220660rsm,1,CR-UNWANTED_ITEM
NK0072-TMNTPJDonatello-S,1,CR-UNWANTED_ITEM
blowupguitar,2,CR-UNWANTED_ITEM
tmntapriloneilcostume-L/XL,1,AMZ-PG-APP-TOO-SMALL
BrownDreadlocks-1230,1,CR-DEFECTIVE
1162-DeluxeVikingWigBeardSetGray,1,CR-ORDERED_WRONG_ITEM
YTSM2035-PizzaPlanet-XL,1,CR-SWITCHEROO
100950-CowboyChaps1,1,CR-UNWANTED_ITEM
HenryDangerSet-BLLTV-8,1,AMZ-PG-APP-TOO-SMALL
100584-SheriffBoots-6/7,1,AMZ-PG-APP-TOO-LARGE
220961-AustinPowerSuit-L,1,CR-DEFECTIVE
leagueoftheirowncostume-L/XLdeluxe,1,AMZ-PG-APP-TOO-SMALL
tmntmasks-Blue,1,CR-FOUND_BETTER_PRICE
leagueoftheirowncostume-L/XLdeluxe,1,AMZ-PG-APP-TOO-SMALL
powerrangers018green-12/18,1,AMZ-PG-APP-STYLE
103011-ChuckyKidsShoes-5-6,1,CR-DEFECTIVE
220965-GhostSpiderOnesie-5-6,1,CR-UNWANTED_ITEM
tmnt056Don-S,1,AMZ-PG-APP-TOO-SMALL
nwo001-M,1,CR-SWITCHEROO
204070-DetectiveGREENShirt-L,1,CR-ORDERED_WRONG_ITEM
tmntapriloneilcostume-S/M,1,AMZ-PG-APP-TOO-SMALL
DSTS26MGS-WoodyJuniorsTshirt-L,1,AMZ-PG-APP-TOO-LARGE
RacineBellsCostumeDressWomens-L/XL,1,CR-DEFECTIVE
220660rlxl,1,CR-UNWANTED_ITEM
TSM20002TV-WoodyBelt-M,1,CR-ORDERED_WRONG_ITEM
M&M-Blue-JUNIORS-Shirt-L,1,AMZ-PG-APP-TOO-SMALL
caddyshackhat003,1,CR-DEFECTIVE
PRangersShirtYouth-Green-XS,1,AMZ-PG-APP-TOO-SMALL
mm001Ngrn-XS,1,AMZ-PG-APP-TOO-SMALL
tmntapriloneilcostume-S/M,1,AMZ-PG-APP-TOO-SMALL
suicidesquad004-XS,1,CR-MISSED_ESTIMATED_DELIVERY
M&M-Blue-JUNIORS-Shirt-L,1,AMZ-PG-APP-TOO-SMALL
blowupguitar,1,CR-MISSED_ESTIMATED_DELIVERY
100576BLACK-M,1,AMZ-PG-APP-TOO-SMALL
220929-LucyDressAdult-3XL,1,CR-DEFECTIVE
scottpilgrimramonabag-Green/Navy,1,CR-UNWANTED_ITEM
suicidesquad005womens-L,1,AMZ-PG-APP-TOO-LARGE
tmntapriloneilcostume-L/XL,1,AMZ-PG-APP-TOO-SMALL
hoosiers003-M,1,AMZ-PG-APP-TOO-SMALL
TMNTShirt-Youth-Leonardo-S,1,AMZ-PG-APP-TOO-LARGE
tmntmasks-Blue,2,DID_NOT_LIKE_FABRIC
109019B-HocusPocusMARYCostume-S,1,CR-UNWANTED_ITEM
100576BLACK-M,1,AMZ-PG-APP-TOO-SMALL
109029N-HocusPocusWINICostume-XL,1,AMZ-PG-APP-TOO-LARGE
BoxingRobe-Red,1,CR-ORDERED_WRONG_ITEM
Ghostbusters-GBXX1A-7/8,1,CR-UNWANTED_ITEM
Ghostbusters-GBXX1A-5/6,1,CR-UNWANTED_ITEM
204070-DetectiveGREENShirt-L,1,CR-DEFECTIVE
wrestlingboots-XXLW,1,CR-SWITCHEROO
wrestlingboots-Mred,1,CR-UNWANTED_ITEM
QF009BBSTV-BlueyPajamas-6,1,AMZ-PG-BAD-DESC
DSTS26LGS-BuzzLightyearJuniotsTshirt-S,1,AMZ-PG-APP-TOO-LARGE
tmnt047tankdressMike-M,2,AMZ-PG-APP-TOO-SMALL
SNL007tan-XXL,1,AMZ-PG-APP-TOO-LARGE
toystorywoodyvest-XL-XXL,1,CR-ORDERED_WRONG_ITEM
tmntapriloneilcostume-S/M,1,CR-UNWANTED_ITEM
mm003JRSblue-S,1,AMZ-PG-APP-TOO-SMALL
HEKA00ZMSC-KoolAidShirt-S,1,AMZ-PG-APP-TOO-LARGE
superherocape002ADULTpink-purp,1,DID_NOT_LIKE_COLOR
suicidesquad003-XS,1,AMZ-PG-APP-STYLE
hoosiers003-L,1,CR-MISSED_ESTIMATED_DELIVERY
tmntmasks-Purple,1,AMZ-PG-APP-TOO-LARGE
tmnt016-Mike-Mens-XL,1,CR-UNWANTED_ITEM
monstersinc009-XXL,1,AMZ-PG-APP-TOO-LARGE
nerdstankdressPURPLE-S,1,AMZ-PG-APP-STYLE
nerdstankdressPINK-M,1,DID_NOT_LIKE_FABRIC
tmnt016-Don-Mens-XS,1,CR-SWITCHEROO
tmnt016-Don-Mens-L,1,CR-UNWANTED_ITEM
tmnt016-Leo-Mens-M,1,CR-UNWANTED_ITEM
tmntmasks-Red,1,DID_NOT_LIKE_COLOR
tmnt016-Leo-Mens-M,1,AMZ-PG-APP-TOO-LARGE
legendstempleblue-XXL,1,AMZ-PG-APP-TOO-LARGE
tmnt016-Don-Mens-XS,1,CR-UNWANTED_ITEM
M&M-Red-JUNIORS-Shirt-M,1,AMZ-PG-APP-TOO-SMALL
GreenMonsterSuit-Mask1-L-XL,1,CR-SWITCHEROO
10056593-PowerRangerJuniors-Yellow-XXL,1,CR-DEFECTIVE
GreenMonsterSuit-Mask1-2X-3X,1,CR-QUALITY_UNACCEPTABLE
CVSM2258-MooseHead-XL,1,AMZ-PG-APP-TOO-LARGE
waldocostumeDELUXE-S,1,CR-UNWANTED_ITEM
mm001Nyel-M,1,AMZ-PG-APP-TOO-LARGE
tmntapriloneilcostume-L/XL,1,AMZ-PG-APP-TOO-SMALL
103013-TmntEyeMask-4PACK,1,CR-MISSING_PARTS
220752-RockfordPeachesMENS-2XL,1,CR-FOUND_BETTER_PRICE
plumtree001-M,1,AMZ-PG-APP-TOO-SMALL
powerrangers017blue-L,1,AMZ-PG-APP-TOO-SMALL
ninjanogginmask-nude,1,AMZ-PG-APP-STYLE
220776-BigBoyOverall-BLUE-S/M,1,AMZ-PG-BAD-DESC
1147-BeastWigandBeard,1,CR-UNWANTED_ITEM
legendstemplered-XL,1,CR-UNWANTED_ITEM
220844-BoxingRobeKids-Blk,1,CR-UNWANTED_ITEM
NasaPajamaSuitAdult-NASA04M-XXL,1,AMZ-PG-BAD-DESC
scarfaceglasses001,1,CR-MISSED_ESTIMATED_DELIVERY
TMNTShirt-Youth-Leonardo-S,1,AMZ-PG-APP-TOO-LARGE
PRangersShirtYouth-Blue-XS,1,AMZ-PG-APP-TOO-LARGE
karatekiddanielcostumetdlxXL-Deluxe-XL,1,AMZ-PG-APP-TOO-SMALL
tmnt016-Don-Mens-S,1,CR-UNWANTED_ITEM
tmnt016-Mike-Mens-L,1,CR-UNWANTED_ITEM
100576BROWN-M,1,DID_NOT_LIKE_COLOR
99MUL-SimpsonsBackpack,1,AMZ-PG-APP-STYLE
tmntmasks-Blue,1,AMZ-PG-BAD-DESC
nap027-XXL,1,AMZ-PG-APP-TOO-LARGE
204074-QuaggyGiggityShirt-XXL,2,AMZ-PG-APP-TOO-LARGE
FYMSC20-ZeddemoreShirt-L,1,AMZ-PG-APP-TOO-LARGE
tmntapriloneilcostume-L/XL,1,AMZ-PG-APP-TOO-SMALL
powerrangers009-XXL,1,AMZ-PG-APP-TOO-LARGE
hulk001y-XS,1,CR-SWITCHEROO
220775-BigBoyOverall-RED-L/XL,1,CR-DEFECTIVE
tmnt016-Don-Mens-XL,1,AMZ-PG-APP-TOO-LARGE
beautybeast001-L-XL,1,CR-UNWANTED_ITEM
tmnteyemaskset,1,CR-UNWANTED_ITEM
drseuss015-S,1,CR-UNWANTED_ITEM
captamerica031-M,1,DID_NOT_LIKE_FABRIC
wrestlingboots-XXLW,1,AMZ-PG-APP-TOO-SMALL
109029N-HocusPocusWINICostume-M,1,AMZ-PG-APP-TOO-SMALL
M&M-Green-JUNIORS-Shirt-L,1,AMZ-PG-APP-TOO-SMALL
breakingbad004black-L,1,AMZ-PG-APP-TOO-LARGE
redboa001N,1,CR-QUALITY_UNACCEPTABLE
tmnt045Leo-XL,1,CR-SWITCHEROO
NK0071-TMNTPJRapahel-S,1,AMZ-PG-APP-TOO-LARGE
DELUXE-ADULT-Spaceballs,1,CR-SWITCHEROO
KG0004-FruitLoopsLoungePants-M,1,AMZ-PG-APP-TOO-SMALL
BrennanVest-XL,1,AMZ-PG-APP-TOO-SMALL
GhostbustersDress-25KHA-XS,1,AMZ-PG-BAD-DESC
tmnt016-Raph-Mens-2XL,1,AMZ-PG-APP-TOO-SMALL
suicidesquad010-S,1,CR-UNWANTED_ITEM
ChesterCheetosSuit-XL,1,DID_NOT_LIKE_COLOR
sanford034-XXL,1,AMZ-PG-APP-TOO-LARGE
bigl032-XXL,1,AMZ-PG-APP-TOO-LARGE
220898-EllenGirswold-S,1,CR-SWITCHEROO
wrestlingboots-LY,1,AMZ-PG-APP-TOO-LARGE
avatar002-L,1,AMZ-PG-APP-STYLE
220747-IndianaJonesShirtYOUTH-YS,1,DID_NOT_LIKE_COLOR
powerrangers018red-6/12,1,DID_NOT_LIKE_FABRIC
SM0045-SimpsonsTshirt-XL,1,CR-QUALITY_UNACCEPTABLE
SM0045-SimpsonsTshirt-L,1,AMZ-PG-APP-STYLE
ChesterCheetosSuit-XL,1,AMZ-PG-APP-TOO-LARGE
220660rsm,1,CR-UNWANTED_ITEM
100585-MoonBoots-10/11,1,CR-DEFECTIVE
tmntmasks-Red,1,DID_NOT_LIKE_COLOR
YTAS2063TV-PizzaPlanetShirt-M,1,AMZ-PG-APP-TOO-SMALL
tmnteyemaskset,1,CR-MISSED_ESTIMATED_DELIVERY
846523-WonderlandBoyshorts,1,AMZ-PG-APP-TOO-SMALL
220660rsm,1,AMZ-PG-APP-TOO-LARGE
ateam001-L,1,AMZ-PG-APP-TOO-LARGE
wrestlingboots-SY,1,CR-UNWANTED_ITEM
QF009BBSTV-BlueyPajamas-6,1,CR-SWITCHEROO
220965-GhostSpiderOnesie-2T,1,CR-DEFECTIVE
caddyshackhat001,1,CR-MISSED_ESTIMATED_DELIVERY
220778-BigBoyOverall-GREEN-S/M,1,CR-UNWANTED_ITEM
NK0072-TMNTPJDonatello-M,1,CR-UNAUTHORIZED_PURCHASE
sbb015-2XL,1,CR-UNWANTED_ITEM
germanhat001-grey,1,AMZ-PG-APP-TOO-LARGE
220864-CrewMate-Pink-TEEN,1,CR-DEFECTIVE
hulkbRed,1,CR-FOUND_BETTER_PRICE
mm003JRSyellow-S,1,AMZ-PG-APP-TOO-SMALL
suicidesquad004-XS,1,AMZ-PG-APP-TOO-SMALL
caddyshackhat003,3,AMZ-PG-APP-TOO-SMALL
XO011MBSTV-TopGunPajamaSuit-S,1,DID_NOT_LIKE_FABRIC
suicidesquad010-L,1,AMZ-PG-APP-TOO-SMALL
incredhulk013-XXL,1,AMZ-PG-APP-TOO-LARGE
powerrangerssweatshirtPink-XL,1,AMZ-PG-APP-TOO-LARGE
heinztankdressketchup-XL,1,AMZ-PG-APP-TOO-SMALL
204070-DetectiveGREENShirt-XXL,1,AMZ-PG-BAD-DESC
100576BROWN-L,1,AMZ-PG-APP-STYLE
snlbearsVESTsweater-XXL,1,AMZ-PG-APP-TOO-SMALL
hoosiers003-XXL,1,AMZ-PG-APP-TOO-SMALL
HulkamaniaKIDS-RedSunRedBan-M,1,CR-DEFECTIVE
ultimatewarriorset,1,AMZ-PG-APP-TOO-LARGE
ultimatewarriorset,1,CR-UNWANTED_ITEM
powerrangers015green-XXL,1,AMZ-PG-BAD-DESC
GreenMonsterSuit-Mask1-2X-3X,1,CR-UNWANTED_ITEM
tmntmasks-Purple,1,DID_NOT_LIKE_FABRIC
tmnt045Mike-S,1,DID_NOT_LIKE_FABRIC
leagueoftheirowncostume-L/XLdeluxe,1,AMZ-PG-APP-TOO-SMALL
tmnt056Raph-XXXL,1,AMZ-PG-APP-TOO-SMALL
sbb015-XL,1,CR-UNWANTED_ITEM
220850-ChuckieCostume-2T,1,AMZ-PG-BAD-DESC
rockyshorts-M,1,AMZ-PG-APP-TOO-SMALL
tmntapriloneilcostume-L/XL,1,CR-UNWANTED_ITEM
WB1658-WB1659-WonderWomanCostumeSet1-M,1,CR-DEFECTIVE
220866-CrewMate-Black-STD,1,CR-DEFECTIVE
103005-RenaissanceBoots-M,1,CR-ORDERED_WRONG_ITEM
mm003JRSgreen-S,1,AMZ-PG-APP-TOO-SMALL
mm003JRSyellow-XL,1,AMZ-PG-APP-TOO-SMALL
M&M-Orange-ADULT-Shirt-S,1,AMZ-PG-APP-TOO-SMALL
4U8ML-BERT-CostumeShirt-M,1,AMZ-PG-APP-TOO-SMALL
GreenMonsterSuit-Mask1-L-XL,1,CR-UNWANTED_ITEM
QF009BBSTV-BlueyPajamas-6,1,CR-DEFECTIVE
TMNTShirt-Youth-Leonardo-S,1,AMZ-PG-APP-TOO-LARGE
TMNTShirt-Youth-Raphael-XS,1,AMZ-PG-APP-TOO-LARGE
caddyshackhat003,1,AMZ-PG-APP-TOO-SMALL
BoxingRobe-Blue,1,CR-UNWANTED_ITEM
acwig,1,CR-DEFECTIVE
100576BLACK-L,1,CR-UNWANTED_ITEM
TMNTShirt-Youth-Mike-XS,1,CR-DAMAGED_BY_CARRIER
piperskirt,1,CR-UNWANTED_ITEM
dodgeball003-L,1,CR-UNWANTED_ITEM
DazedConfusedTedNugent-Shirt-XL,1,AMZ-PG-APP-TOO-LARGE
3001-White-ChampionShirt-S,1,AMZ-PG-APP-TOO-LARGE
JackDaniels001-MensShirt-3XL,1,AMZ-PG-APP-TOO-LARGE
JackDaniels001-MensShirt-XXL,1,AMZ-PG-APP-TOO-LARGE
1188-KingTrollWigKit,1,CR-UNWANTED_ITEM
267345-GrinchPJPants-L,1,AMZ-PG-APP-TOO-LARGE
ramonaflowerswig-Blue,1,AMZ-PG-APP-STYLE
tmnt016-Don-Mens-M,1,AMZ-PG-APP-TOO-LARGE
biglpants001-XXL,1,AMZ-PG-APP-TOO-SMALL
mm003JRSgreen-XL,1,AMZ-PG-APP-TOO-SMALL
100576BROWN-M,1,AMZ-PG-APP-TOO-SMALL
YellowHulkGlasses,1,AMZ-PG-APP-TOO-LARGE
WB0216-WB0217-DorothyCorsetTutuSet-L,1,AMZ-PG-APP-TOO-SMALL
trueblood009jr-XL,1,AMZ-PG-APP-TOO-SMALL
wrestlingboots-SY,1,AMZ-PG-BAD-DESC
1256-HangoverBeard,1,CR-MISSED_ESTIMATED_DELIVERY
hollywoodbandana,1,CR-UNWANTED_ITEM
220077-HotDogChubSuit-Teen,1,AMZ-PG-APP-TOO-SMALL
incredhulk013-XL,1,AMZ-PG-APP-STYLE
incredhulk013-L,1,AMZ-PG-APP-STYLE
220876-SuperBadPants-2XL,1,CR-ORDERED_WRONG_ITEM
toystory005-S,1,AMZ-PG-APP-TOO-SMALL
220965-GhostSpiderOnesie-7-8,1,CR-SWITCHEROO
220074-PenguinChubSuit-Adult,1,AMZ-PG-APP-TOO-LARGE
CY034-ChristmasStoryUnionSuit-3XL,1,AMZ-PG-APP-TOO-SMALL
tmnt056Raph-M,1,AMZ-PG-APP-TOO-SMALL
insideoutjoywig,1,CR-DEFECTIVE
DSSCA5KMN2-MickeyMousePJSet-S,1,AMZ-PG-APP-TOO-SMALL
DSSCA5KMN2-MickeyMousePJSet-S,1,AMZ-PG-APP-TOO-SMALL
XO011MBSTV-TopGunPajamaSuit-M,1,DID_NOT_LIKE_FABRIC
220901-FreshPrinceCostume-M,1,CR-DEFECTIVE
SNL007tan-L,1,AMZ-PG-APP-TOO-SMALL
powerrangerssweatshirtGreen-XXL,1,AMZ-PG-APP-TOO-LARGE
100576BROWN-L,1,AMZ-PG-APP-STYLE
bvswwcostume-L,1,CR-UNWANTED_ITEM
JLSN603-MonstarsJersey-L,2,AMZ-PG-APP-TOO-SMALL
JLSN603-MonstarsJersey-XL,1,AMZ-PG-APP-TOO-SMALL
220795-RiddlerTie,1,AMZ-PG-APP-STYLE
ChristmasOrnaments-JesusSelfie-100786,1,CR-UNWANTED_ITEM
junocostume-MTee,1,AMZ-PG-APP-TOO-LARGE
QF009BBSTV-BlueyPajamas-8,1,CR-FOUND_BETTER_PRICE
leagueoftheirowncostume-2X/3X,1,CR-DEFECTIVE
tmntcostumedonatello-S,1,AMZ-PG-APP-TOO-SMALL
caddyshackhat001,1,AMZ-PG-APP-STYLE
TMNTShirt-Youth-Leonardo-S,1,AMZ-PG-APP-TOO-LARGE
flocostume001,1,AMZ-PG-APP-STYLE
fearloathingglasses,1,CR-UNWANTED_ITEM
NK0063-TMNTPJLeonardo-M,1,CR-UNWANTED_ITEM
NK0068-TMNTPJMike-L,1,CR-UNWANTED_ITEM
hulk003-S,1,AMZ-PG-APP-TOO-SMALL
redboa001N,1,CR-QUALITY_UNACCEPTABLE
QF009BBSTV-BlueyPajamas-8,1,CR-UNWANTED_ITEM
tmntmasks-Red,1,CR-UNWANTED_ITEM
tmnt016-Raph-Mens-L,1,CR-UNWANTED_ITEM
wrestlingboots-LY,1,AMZ-PG-APP-TOO-SMALL
DSTS26MGS-WoodyJuniorsTshirt-XS,1,AMZ-PG-APP-TOO-SMALL
tmnt016-Leo-Mens-XS,1,AMZ-PG-APP-TOO-LARGE
mm003JRSred-XL,1,AMZ-PG-APP-TOO-SMALL
TSM20002TV-WoodyBelt-L,1,AMZ-PG-APP-TOO-SMALL
CocaColaLeggings-CCXX1-M,1,AMZ-PG-APP-TOO-LARGE
BuckyZombieWig-1221,1,CR-MISSED_ESTIMATED_DELIVERY
HPGryffindorPajamaSet-Red-XL,1,CR-DEFECTIVE
dodgeball003N-M,1,CR-UNWANTED_ITEM
germanshirtGREEN-XXL,1,AMZ-PG-APP-TOO-SMALL
100576BLACK-L,1,AMZ-PG-APP-TOO-LARGE
tmntapriloneilcostume-S/M,1,AMZ-PG-APP-TOO-SMALL
QF009BBSTV-BlueyPajamas-4,1,CR-DAMAGED_BY_FC
tmntapriloneilcostume-L/XL,1,AMZ-PG-APP-TOO-SMALL
SantaBoots-100580-L,1,AMZ-PG-APP-TOO-LARGE
RacineBellsCostumeDressWomens-L/XL,1,CR-UNWANTED_ITEM
G0MSC20-VenkmanShirt-S,1,AMZ-PG-APP-TOO-SMALL
sanford064-S,1,AMZ-PG-APP-TOO-SMALL
hulk003redN-XXL,1,AMZ-PG-APP-TOO-LARGE
suicidesquad003-S,1,CR-SWITCHEROO
SUHT2185-PaddysHat-DarkGreen,1,AMZ-PG-APP-STYLE
220850-ChuckieCostume-5-6T,1,CR-DEFECTIVE
SNL007tan-S,1,AMZ-PG-APP-TOO-SMALL
100576BLACK-M,1,AMZ-PG-APP-TOO-SMALL
suicidesquad010-L,1,AMZ-PG-APP-TOO-SMALL
TMNTShirt-Youth-Leonardo-XS,1,AMZ-PG-APP-TOO-LARGE
QF009BBSTV-BlueyPajamas-4,1,CR-DEFECTIVE
100576BLACK-L,1,AMZ-PG-APP-TOO-SMALL
dodgeball003-XL,1,AMZ-PG-APP-TOO-SMALL
sharkcostume-teen,1,AMZ-PG-APP-TOO-SMALL
HS0216-MrPotatoHeadPants-XL,1,AMZ-PG-APP-TOO-SMALL
starwars129-XL,1,CR-UNWANTED_ITEM
103004-RockyWhiteBoots-S,1,CR-MISSED_ESTIMATED_DELIVERY
220898-EllenGirswold-L,1,CR-DEFECTIVE
YellowBandanaYellowGlasses,1,CR-UNWANTED_ITEM
TMNTShirt-Youth-Leonardo-M,1,AMZ-PG-APP-TOO-LARGE
220777-BigBoyOverall-ORANGE-2XL,1,AMZ-PG-BAD-DESC
incredhulk013-L,1,AMZ-PG-APP-TOO-LARGE
QF009BBSTV-BlueyPajamas-6,1,AMZ-PG-BAD-DESC
100578BLACK-L,1,AMZ-PG-APP-TOO-SMALL
mm003JRSyellow-XXL,1,AMZ-PG-APP-TOO-SMALL
mm003JRSgreen-XXL,1,AMZ-PG-APP-TOO-SMALL
TMNTShirt-Youth-Raphael-M,1,AMZ-PG-APP-TOO-LARGE
TMNTShirt-Youth-Donatello-L,1,AMZ-PG-APP-TOO-LARGE
QF009BBSTV-BlueyPajamas-8,1,CR-DEFECTIVE
DSTS26MGS-WoodyJuniorsTshirt-XXL,1,AMZ-PG-APP-TOO-SMALL
wrestlingboots-XLY,1,CR-DEFECTIVE
suicidesquad003-S,1,AMZ-PG-APP-STYLE
220654-LT,1,AMZ-PG-APP-TOO-SMALL
103005-RenaissanceBoots-L,1,CR-DEFECTIVE
revengenerds005-M,1,CR-FOUND_BETTER_PRICE
220775-BigBoyOverall-RED-L/XL,1,CR-UNWANTED_ITEM
junk187-4XL,1,AMZ-PG-APP-TOO-SMALL
oktoberfestlederhosenSHORTS-44,1,AMZ-PG-APP-TOO-SMALL
sanford068-XXL,1,AMZ-PG-APP-TOO-SMALL
tmnt016-Raph-Mens-L,1,DID_NOT_LIKE_COLOR
oktoberfestlederhosenPANTS-34,1,DID_NOT_LIKE_FABRIC
oktoberfestmaid001BLUE-10,1,CR-UNWANTED_ITEM
fridaysecurityset-XXL-XXXL,1,AMZ-PG-APP-TOO-LARGE
103005-RenaissanceBoots-L,1,AMZ-PG-BAD-DESC
TMNTShirt-Youth-Leonardo-L,1,CR-SWITCHEROO
dexter002-L,1,CR-DEFECTIVE
M&M-Green-JUNIORS-Shirt-M,1,AMZ-PG-APP-TOO-SMALL
TMNTShirt-Youth-Leonardo-XS,1,AMZ-PG-APP-TOO-LARGE
oktoberfestlederhosenSHORTS-38,1,AMZ-PG-APP-TOO-SMALL
220850-ChuckieCostume-10-12T,1,CR-UNWANTED_ITEM
100585-MoonBoots-10/11,1,AMZ-PG-BAD-DESC
leagueoftheirowncostume-L/XLdeluxe,2,AMZ-PG-APP-TOO-SMALL
leagueoftheirownGIRLS-5/6,1,CR-UNWANTED_ITEM
103002-ErnieShoes-8,1,CR-UNWANTED_ITEM
sharkcostume-teen,1,CR-UNWANTED_ITEM
QF009BBSTV-BlueyPajamas-6,1,CR-UNWANTED_ITEM
220929-LucyDressAdult-L,1,CR-UNWANTED_ITEM
220844-BoxingRobeKids-Blk,1,CR-DEFECTIVE
tmntapriloneilcostume-L/XL,1,AMZ-PG-APP-TOO-SMALL
100576BLACK-S,1,AMZ-PG-APP-TOO-SMALL
220714-TrainEngineerChildCostume-10/12,1,CR-DEFECTIVE
monstersinc003-S,1,DID_NOT_LIKE_FABRIC
tmntmasks-Blue,1,CR-UNWANTED_ITEM
blowupguitar,1,AMZ-PG-BAD-DESC
TSM20002TV-WoodyBelt-S,1,AMZ-PG-APP-TOO-SMALL
leagueoftheirowncostume-L/XLdeluxe,1,AMZ-PG-APP-TOO-SMALL
tmnt016-Leo-Mens-XS,1,AMZ-PG-APP-TOO-LARGE
junk187-4XL,1,AMZ-PG-APP-TOO-SMALL
AsylumWig-1202,1,AMZ-PG-APP-TOO-SMALL
usasocks001,1,CR-MISSED_ESTIMATED_DELIVERY
mash003-M,1,AMZ-PG-APP-TOO-LARGE
TMNTShirt-Youth-Raphael-L,1,CR-UNWANTED_ITEM
mm003JRSyellow-L,1,AMZ-PG-APP-TOO-SMALL
TMNTShirt-Youth-Leonardo-XS,1,AMZ-PG-APP-TOO-SMALL
tmnt016MIKEtoddler-3T,1,AMZ-PG-APP-TOO-SMALL
leagueoftheirowncostume-L/XL,1,CR-UNWANTED_ITEM
sharkcostume-XXL,1,DID_NOT_LIKE_FABRIC
tmntmasks-Orange,1,DID_NOT_LIKE_FABRIC
TMNTShirt-Youth-Mike-S,1,AMZ-PG-APP-TOO-SMALL
220696-WOMENS-MimeCostumeSet-XL,1,AMZ-PG-APP-TOO-SMALL
QF009BBSTV-BlueyPajamas-3T,1,CR-UNWANTED_ITEM
220892-MabelPineSweater-S,1,CR-UNWANTED_ITEM
220660rlxl,1,CR-UNWANTED_ITEM
hulk001-XXL,1,AMZ-PG-APP-TOO-LARGE
tmnt016-Leo-Mens-XS,1,AMZ-PG-APP-TOO-LARGE
103015-BabyCarlosDollGlasses,1,AMZ-PG-BAD-DESC
tmntapriloneilcostume-L/XL,1,AMZ-PG-APP-TOO-SMALL
220844-BoxingRobeKids-Blk,1,AMZ-PG-BAD-DESC
NK0063-TMNTPJLeonardo-S,1,CR-SWITCHEROO
leagueoftheirowncostume-S/Mdeluxe,1,AMZ-PG-APP-TOO-SMALL
220929-LucyDressKids-2-3,1,AMZ-PG-BAD-DESC
tmntonesieORANGE1-12m,1,CR-UNWANTED_ITEM
JLSN219-TuneSquadLOLA-XS,1,AMZ-PG-BAD-DESC
PolkHighJersey-3X,1,CR-FOUND_BETTER_PRICE
100980-TheQueenMusicBeltArmband,1,CR-UNWANTED_ITEM
TSM20002TV-WoodyBelt-S,1,CR-UNWANTED_ITEM
tmntapriloneilcostume-L/XL,1,AMZ-PG-APP-TOO-SMALL
tmnt016-Raph-Mens-L,1,CR-UNWANTED_ITEM
Peanuts001-XXL,1,AMZ-PG-APP-TOO-SMALL
mm003JRSorange-XL,1,AMZ-PG-APP-TOO-SMALL
rockyrobe1,1,AMZ-PG-APP-TOO-LARGE
nap006-XL,1,CR-UNWANTED_ITEM
TMNTShirt-Youth-Mike-L,1,CR-UNWANTED_ITEM
bigl032-L,1,AMZ-PG-APP-TOO-LARGE
LadyVampireWig-1209,1,AMZ-PG-BAD-DESC
tmnt016-Don-Mens-3XL,1,CR-UNWANTED_ITEM
tmnt016-Leo-Mens-XS,1,AMZ-PG-APP-TOO-LARGE
TMNTShirt-Youth-Mike-L,1,AMZ-PG-APP-TOO-LARGE
tmnt016MIKEtoddler-4T,1,AMZ-PG-APP-TOO-LARGE
QF009BBSTV-BlueyPajamas-8,1,CR-UNWANTED_ITEM
hulkbRed,1,AMZ-PG-BAD-DESC
dodgeball003-XXXL,1,CR-QUALITY_UNACCEPTABLE
sein023-XXL,1,AMZ-PG-APP-TOO-SMALL
hangoversatchel,1,AMZ-PG-APP-STYLE
220887-EllenGriswoldSweater-XXL,1,AMZ-PG-APP-TOO-LARGE
soahat005-L/XL,1,AMZ-PG-APP-TOO-LARGE
oktoberfestlederhosenSHORTS-40,1,CR-SWITCHEROO
CelticRing-5,1,AMZ-PG-APP-TOO-SMALL
mm003JRSblue-XL,1,AMZ-PG-APP-TOO-SMALL
100576BROWN-M,1,AMZ-PG-APP-TOO-SMALL
mm003JRSred-L,1,AMZ-PG-APP-TOO-SMALL
QF009BBSTV-BlueyPajamas-4,1,CR-UNWANTED_ITEM
oktoberfestlederhosenSHORTS-32,1,AMZ-PG-APP-STYLE
220077-HotDogChubSuit-Adult,2,CR-UNWANTED_ITEM
4U9ML-ERNIE-CostumeShirt-XS,1,AMZ-PG-APP-TOO-LARGE
103009-PirateBoots-12-13,1,AMZ-PG-BAD-DESC
100578BLACK-L,1,CR-UNWANTED_ITEM
ninjanogginmask-nude,1,AMZ-PG-APP-TOO-LARGE
flocostume001,1,AMZ-PG-APP-STYLE
220660rlxl,1,CR-MISSED_ESTIMATED_DELIVERY
powerrangers018black-0/6,1,DID_NOT_LIKE_COLOR
220850-ChuckieCostume-7-8T,1,AMZ-PG-BAD-DESC
SNL007tan-L,1,AMZ-PG-APP-TOO-SMALL
220884-GoodBurgerCostume-M,1,CR-ORDERED_WRONG_ITEM
wrestlingboots-SY,1,CR-UNWANTED_ITEM
wmw001,1,CR-UNWANTED_ITEM
wrestlingboots-XLY,1,CR-UNWANTED_ITEM
wrestlingboots-LY,1,CR-UNWANTED_ITEM
220781-MeanGirlsSantaCostume-M,1,DID_NOT_LIKE_FABRIC
powerrangers018green-18/24,1,AMZ-PG-APP-STYLE
103015-BabyCarlosDollGlasses,1,CR-UNWANTED_ITEM
suicidesquad004-2X,1,CR-UNWANTED_ITEM
pedro001-XL,1,CR-MISSED_ESTIMATED_DELIVERY
M&M-Green-ADULT-Shirt-XS,1,CR-UNWANTED_ITEM
powerrangers018green-12/18,1,CR-MISSED_ESTIMATED_DELIVERY
tmnt016-Mike-Mens-XS,1,AMZ-PG-APP-TOO-LARGE
WaynesWorldWigHat-Youth,1,CR-UNWANTED_ITEM
sharkcostume-XXL,1,AMZ-PG-APP-TOO-SMALL
103015-BabyCarlosDollGlasses,1,CR-MISSED_ESTIMATED_DELIVERY
100576BLACK-S,1,AMZ-PG-APP-TOO-LARGE
GreenMonsterSuit-SantaMask-L-XL,1,CR-MISSING_PARTS
100576BLACK-M,1,AMZ-PG-APP-TOO-SMALL
100576BLACK-M,1,AMZ-PG-APP-TOO-LARGE
SharkCoustumeYouth,1,CR-ORDERED_WRONG_ITEM
leagueoftheirowncostume-L/XLdeluxe,1,DID_NOT_LIKE_FABRIC
wrestlingboots-LY,1,CR-UNWANTED_ITEM
leagueoftheirowncostume-L/XL,1,CR-DEFECTIVE
hulkhogancostumesetREDsunREDban-XL,1,CR-UNWANTED_ITEM
NK0071-TMNTPJRapahel-M,1,CR-ORDERED_WRONG_ITEM
superherocape002ADULTgold-red,2,AMZ-PG-BAD-DESC
220864-CrewMate-Pink-TEEN,1,CR-UNWANTED_ITEM
jokercards,1,CR-ORDERED_WRONG_ITEM
HenryDangerSet-BLLTV-6,1,AMZ-PG-APP-TOO-SMALL
stepbros012-XXL,1,AMZ-PG-APP-TOO-SMALL
stepbros011-XXL,1,AMZ-PG-APP-TOO-SMALL
stepbros010-XXL,1,AMZ-PG-APP-TOO-SMALL
QF009BBSTV-BlueyPajamas-8,1,CR-FOUND_BETTER_PRICE
tmnteyemaskset,1,CR-UNWANTED_ITEM
HenryDangerSet-BLLTV-12,1,AMZ-PG-APP-TOO-SMALL
coketankdress-2X,1,AMZ-PG-APP-STYLE
220074-PenguinChubSuit-Teen,1,CR-DEFECTIVE
tmnteyemaskset,1,CR-DEFECTIVE
QF009BBSTV-BlueyPajamas-6,1,CR-UNWANTED_ITEM
insideoutjoywig,1,CR-UNWANTED_ITEM
arrested011-M,1,AMZ-PG-APP-TOO-SMALL
starwars164-XXL,1,CR-UNWANTED_ITEM
102026-InfOrnament-25-White,1,CR-SWITCHEROO
spider036-M,1,AMZ-PG-APP-STYLE
spider036-S,1,AMZ-PG-APP-STYLE
hangover014-M,1,AMZ-PG-APP-TOO-LARGE
XO011MBSTV-TopGunPajamaSuit-3XL,1,AMZ-PG-APP-TOO-SMALL
acwig,1,AMZ-PG-APP-STYLE
102026-InfOrnament-25-White,1,CR-SWITCHEROO
tmnt016-Raph-Mens-M,1,AMZ-PG-APP-TOO-LARGE
soahat005-S/M,1,AMZ-PG-APP-TOO-SMALL
TMNTShirt-Youth-Leonardo-S,1,DID_NOT_LIKE_COLOR
TMNTShirt-Youth-Mike-M,1,DID_NOT_LIKE_COLOR
tmnt016-Don-Mens-M,1,AMZ-PG-APP-TOO-LARGE
PeepholeFrame,1,CR-UNWANTED_ITEM
220778-BigBoyOverall-GREEN-2XL,1,AMZ-PG-BAD-DESC
tmnt016-Leo-Mens-XS,1,AMZ-PG-APP-TOO-LARGE
YellowstoneY-Jogger-XL,1,DID_NOT_LIKE_FABRIC
YellowstoneY-Jogger-L,1,DID_NOT_LIKE_FABRIC
220077-HotDogChubSuit-Teen,1,CR-QUALITY_UNACCEPTABLE
leagueoftheirownGIRLS-5/6,1,AMZ-PG-APP-TOO-SMALL
mm003JRSblue-XXL,1,AMZ-PG-APP-TOO-SMALL
220850-ChuckieCostume-10-12T,1,AMZ-PG-BAD-DESC
jokerleggings-XL,1,AMZ-PG-APP-STYLE
tmnt016-Don-Mens-XS,1,CR-SWITCHEROO
1167-HQWigColored,1,CR-UNWANTED_ITEM
ILoveXmasUCS-XL,1,AMZ-PG-APP-TOO-LARGE
hulk003redN-L,1,DID_NOT_LIKE_COLOR
103011-ChuckyKidsShoes-7-8,1,CR-UNWANTED_ITEM
oktoberfestlederhosenPANTS-44,1,AMZ-PG-BAD-DESC
QF009BBSTV-BlueyPajamas-8,1,CR-DEFECTIVE
mm003JRSred-XL,1,AMZ-PG-APP-TOO-SMALL
tmntapriloneilcostume-S/M,1,AMZ-PG-APP-TOO-SMALL
wrestlingboots-SY,1,CR-SWITCHEROO
tmnt016-Don-Mens-M,1,AMZ-PG-APP-TOO-LARGE
TMNTShirt-Youth-Leonardo-M,1,AMZ-PG-APP-TOO-LARGE
220793-MartyShirt-L,1,CR-UNWANTED_ITEM
powerrangers017green-S,1,AMZ-PG-APP-TOO-SMALL
TMNTShirt-Youth-Leonardo-M,1,AMZ-PG-APP-TOO-LARGE
TMNTShirt-Youth-Mike-S,1,AMZ-PG-APP-TOO-LARGE
wrestlingboots-MY,1,AMZ-PG-APP-TOO-LARGE
M&M-Green-JUNIORS-Shirt-L,1,AMZ-PG-APP-TOO-SMALL
TSM20002TV-WoodyBelt-S,1,AMZ-PG-APP-TOO-SMALL
fearloathingglasses,1,AMZ-PG-APP-STYLE
220066-SpacemenChubSuit-Teen,1,AMZ-PG-APP-TOO-LARGE
adventure001-XL,1,AMZ-PG-APP-TOO-SMALL
GreenMonsterSuit-SantaMask-2X-3X,1,CR-QUALITY_UNACCEPTABLE
SNL007tan-S,1,AMZ-PG-APP-TOO-SMALL
100585-MoonBoots-12/13,1,CR-UNWANTED_ITEM
ChesterCheetosSuit-M,1,AMZ-PG-APP-TOO-LARGE
CelticRing-8.5,1,AMZ-PG-APP-TOO-LARGE
tmnt047tankdressMike-M,1,CR-SWITCHEROO
oktoberfestlederhosenSHORTS-34,1,DID_NOT_LIKE_FABRIC
hoosiers003-M,1,AMZ-PG-BAD-DESC
100578BLACK-M,1,AMZ-PG-APP-TOO-SMALL
tmntonesieBLUE1-18m,1,AMZ-PG-BAD-DESC
batman094-L,1,DID_NOT_LIKE_FABRIC
204089-ModernLife-M,1,DID_NOT_LIKE_FABRIC
QF009BBSTV-BlueyPajamas-8,1,CR-UNWANTED_ITEM
103013-TmntEyeMask-4PACK,1,AMZ-PG-BAD-DESC
QF009BBSTV-BlueyPajamas-6,1,CR-DEFECTIVE
100576BLACK-XL,1,AMZ-PG-BAD-DESC
machomanbandana-Red,1,AMZ-PG-APP-TOO-SMALL
204071-UncleRicoShirt-L,1,AMZ-PG-APP-TOO-SMALL
204086-UncleRicoVest-L/XL,1,AMZ-PG-APP-TOO-LARGE
nap027-XL,1,AMZ-PG-APP-TOO-LARGE
204073-PresidentPedroShirt-S,1,AMZ-PG-APP-TOO-LARGE
100585-MoonBoots-12/13,1,CR-UNWANTED_ITEM
220074-PenguinChubSuit-Adult,1,CR-UNWANTED_ITEM
220074-PenguinChubSuit-Adult,1,CR-UNWANTED_ITEM
oktoberfestlederhosenSHORTS-36,1,AMZ-PG-APP-TOO-SMALL
100584-SheriffBoots-8/9,1,AMZ-PG-APP-TOO-SMALL
wrestlingboots-LY,1,AMZ-PG-APP-TOO-LARGE
100541-JungleCruiseHat,1,CR-UNWANTED_ITEM
QF009BBSTV-BlueyPajamas-6,1,CR-DEFECTIVE
wrestlingboots-XXLred,1,CR-QUALITY_UNACCEPTABLE
DazedConfusedTedNugent-Shirt-S,1,CR-UNWANTED_ITEM
DazedConfusedTedNugent-Shirt-M,1,CR-UNWANTED_ITEM
leagueoftheirowncostume-L/XLdeluxe,1,AMZ-PG-APP-TOO-SMALL
hulkpants001-M,1,CR-UNWANTED_ITEM
204092-RainbowCardigan-L,1,CR-UNWANTED_ITEM
leagueoftheirowncostume-L/XL,1,CR-ORDERED_WRONG_ITEM
100576BROWN-M,1,AMZ-PG-APP-TOO-SMALL
FWMSC20-StantzShirt-XL,1,CR-UNWANTED_ITEM
stepbros001-M,1,AMZ-PG-APP-TOO-LARGE
peanuts044-XXL,1,AMZ-PG-APP-TOO-SMALL
nap027-L,1,CR-UNWANTED_ITEM
220965-GhostSpiderOnesie-5-6,1,AMZ-PG-BAD-DESC
wilfreddeluxe001,1,CR-UNWANTED_ITEM
220074-PenguinChubSuit-Teen,1,AMZ-PG-APP-TOO-LARGE
QF009BBSTV-BlueyPajamas-8,1,AMZ-PG-BAD-DESC
ricflare001-yellow,1,CR-QUALITY_UNACCEPTABLE
rockfordsocks001,1,CR-UNWANTED_ITEM
leagueoftheirowncostume-L/XLdeluxe,1,AMZ-PG-APP-TOO-SMALL
100584-SheriffBoots-12/13,1,DID_NOT_LIKE_COLOR
oktoberfestlederhosenSHORTS-34,1,AMZ-PG-APP-TOO-SMALL
leagueoftheirowncostume-L/XL,1,CR-UNWANTED_ITEM
bigldudecostume001-XXL,1,CR-QUALITY_UNACCEPTABLE
starwars164-XXL,1,AMZ-PG-BAD-DESC
rockyrobe1,1,CR-UNWANTED_ITEM
QF009BBSTV-BlueyPajamas-8,1,CR-MISSED_ESTIMATED_DELIVERY
220660rlxl,1,AMZ-PG-BAD-DESC
usatank001jrs-M,1,AMZ-PG-APP-TOO-LARGE
hulk003-S,1,CR-UNWANTED_ITEM
tmnteyemaskset,2,CR-MISSED_ESTIMATED_DELIVERY
starwars164-L,1,CR-UNWANTED_ITEM
100576BROWN-M,1,AMZ-PG-APP-TOO-SMALL
incredhulk013-M,1,AMZ-PG-APP-STYLE
machomanbandana-Pink,1,CR-MISSED_ESTIMATED_DELIVERY
bigbang042lightblue-M,1,AMZ-PG-APP-TOO-SMALL
nap027-S,1,CR-UNWANTED_ITEM
220074-PenguinChubSuit-Adult,1,CR-UNWANTED_ITEM
sriracha005-XXL,1,AMZ-PG-APP-TOO-LARGE
germanhat001-brown,1,CR-UNWANTED_ITEM
stepbros010-XXL,1,AMZ-PG-BAD-DESC
220697-MENS-MimeCostumeSet-3XL,1,CR-UNWANTED_ITEM
100581-CousinEddieShoe-11,1,CR-MISSED_ESTIMATED_DELIVERY
220823-PinkBunny-KIDS-5/6,1,CR-UNWANTED_ITEM
hulk006-18M,1,AMZ-PG-APP-TOO-LARGE
204089-ModernLife-M,1,AMZ-PG-APP-TOO-LARGE
suicidesquad010-L,1,AMZ-PG-APP-TOO-SMALL
legendstemplered-M,1,AMZ-PG-APP-TOO-SMALL
TMNTShirt-Youth-Mike-M,1,AMZ-PG-APP-TOO-LARGE
TSM20002TV-WoodyBelt-S,1,AMZ-PG-APP-TOO-SMALL
tmntapriloneilcostume-L/XL,1,AMZ-PG-APP-TOO-SMALL
mm001Nred-M,1,AMZ-PG-APP-TOO-SMALL
tmnt016-Raph-Mens-2XL,1,CR-QUALITY_UNACCEPTABLE
TMNTShirt-Youth-Leonardo-S,1,AMZ-PG-APP-TOO-LARGE
snlbearsVESTsweater-XL,1,AMZ-PG-APP-TOO-LARGE
btlc004-XL,1,AMZ-PG-APP-TOO-LARGE
oktoberfestlederhosenSHORTS-34,1,CR-UNWANTED_ITEM
100541-JungleCruiseHat,1,AMZ-PG-APP-STYLE
tmntmasks-Blue,1,CR-UNWANTED_ITEM
starwars129-M,1,AMZ-PG-APP-TOO-SMALL
NK0071-TMNTPJRapahel-M,1,CR-DAMAGED_BY_FC
powerrangers018green-12/18,1,AMZ-PG-APP-TOO-LARGE
ScottPilgrim-SharpieShirt-M,1,AMZ-PG-APP-TOO-SMALL
mm001Nblu-M,1,AMZ-PG-APP-TOO-SMALL
QF009BBSTV-BlueyPajamas-8,1,CR-UNWANTED_ITEM
220901-FreshPrinceCostume-XXL,1,CR-UNWANTED_ITEM
220898-EllenGirswold-XL,1,CR-UNWANTED_ITEM
mm003JRSblue-XXL,1,AMZ-PG-APP-TOO-SMALL
ElfBuddyUnionSuit-WR0297-XXL,1,DID_NOT_LIKE_FABRIC
breakingbad004gray-L,1,CR-DAMAGED_BY_CARRIER
breakingbad004gray-M,1,CR-DAMAGED_BY_CARRIER
ElizaZombieWig-1219,1,DID_NOT_LIKE_FABRIC
220944-BarfCostumeSet-L-XL,1,CR-UNWANTED_ITEM
dukbuckle2,1,AMZ-PG-APP-STYLE
100950-CowboyChaps1,1,CR-DEFECTIVE
wmw001,1,CR-UNWANTED_ITEM
wrestlingboots-SY,1,CR-UNWANTED_ITEM
greenlantern001stripes-L,1,CR-MISSED_ESTIMATED_DELIVERY
Riverdale-220702-M,1,AMZ-PG-APP-TOO-SMALL
peanuts044-XXL,1,CR-SWITCHEROO
ElfBuddyUnionSuit-WR0297-XL,1,AMZ-PG-APP-TOO-SMALL
dodgeball003-L,1,AMZ-PG-APP-TOO-SMALL
220757-AverageJoesWomensSet-L,1,CR-ORDERED_WRONG_ITEM
204092-RainbowCardigan-L,1,CR-SWITCHEROO
fearloathingglasses,1,CR-UNWANTED_ITEM
soahat005-S/M,1,AMZ-PG-APP-TOO-SMALL
tmnt016-Don-Mens-L,1,CR-SWITCHEROO
tmntapriloneilcostume-S/M,1,AMZ-PG-APP-TOO-SMALL
hulkglassesN-yellow,1,CR-UNWANTED_ITEM
100576BLACK-S,1,AMZ-PG-APP-TOO-SMALL
wrestlingboots-MB,1,CR-DEFECTIVE
leagueoftheirowncostume-L/XL,1,AMZ-PG-BAD-DESC
TMNTShirt-Youth-Mike-M,1,CR-MISSED_ESTIMATED_DELIVERY
TMNTShirt-Youth-Mike-M,1,CR-MISSED_ESTIMATED_DELIVERY
mm003JRSgreen-XL,1,CR-UNWANTED_ITEM
1189-PrincessTrollWig,1,CR-UNWANTED_ITEM
alanbabycarriercostumeDELUXE-S,1,CR-UNWANTED_ITEM
tmnteyemaskset,1,CR-DEFECTIVE
tmnteyemaskset,1,CR-ORDERED_WRONG_ITEM
267345-GrinchPJPants-L,1,AMZ-PG-APP-TOO-LARGE
mm003JRSorange-XXL,1,AMZ-PG-APP-TOO-SMALL
nwo001-M,1,AMZ-PG-APP-TOO-SMALL
captamerica038-XL,1,AMZ-PG-APP-TOO-LARGE
uglysweater57-M,1,AMZ-PG-APP-TOO-LARGE
mm003JRSorange-L,1,CR-UNWANTED_ITEM
mm003JRSgreen-L,1,CR-UNWANTED_ITEM
juno004-L,1,AMZ-PG-APP-TOO-SMALL
sbb015-XXL,1,DID_NOT_LIKE_FABRIC
tmntmasks-Orange,1,CR-UNWANTED_ITEM
tmntmasks-Red,1,CR-UNWANTED_ITEM
tmnt016-Mike-Mens-S,1,AMZ-PG-APP-TOO-LARGE
tmnt016-Mike-Mens-S,1,CR-UNWANTED_ITEM
tmnt016-Don-Mens-XL,1,CR-DEFECTIVE
103011-ChuckyKidsShoes-5-6,1,CR-DEFECTIVE
hangover014-L,1,AMZ-PG-APP-TOO-SMALL
hulk003-S,1,AMZ-PG-APP-TOO-SMALL
hollywoodhogancostumeset-XL,1,CR-DEFECTIVE
