SKU,Quantity,Reason
ZeldaJumpsuit001-L,1,DID_NOT_LIKE_FABRIC
20282-XXL,1,DID_NOT_LIKE_COLOR
PowerRangers-Black-SLShirt-L,1,CR-FOUND_BETTER_PRICE
PowerRangers-Green-SLShirt-2XL,1,CR-FOUND_BETTER_PRICE
BoxingRobe-Black,1,CR-UNWANTED_ITEM
220079-SharkChubSuitBlue-Adult,1,CR-MISSED_ESTIMATED_DELIVERY
rockyrobe2,1,AMZ-PG-APP-STYLE
he020-L,1,CR-DEFECTIVE
officedundie,1,CR-ORDERED_WRONG_ITEM
caddyshackhat003,1,AMZ-PG-APP-TOO-SMALL
hoosiers003-L,1,AMZ-PG-APP-TOO-SMALL
drseuss015-XL,1,AMZ-PG-APP-TOO-SMALL
custom-KidsCape-Red,1,CR-DEFECTIVE
amywinehouseset1,1,AMZ-PG-BAD-DESC
hulkpants001-XL,1,AMZ-PG-APP-TOO-LARGE
nerdstankdressPURPLE-L,1,CR-UNWANTED_ITEM
nerdstankdressBLUE-XL,1,CR-UNWANTED_ITEM
PowerRangers-Pink-SLShirt-XL,1,CR-UNWANTED_ITEM
powerrangers018pink-18/24,1,CR-UNWANTED_ITEM
CustomFaceMaks2,1,AMZ-PG-BAD-DESC
mypony014-XS,1,AMZ-PG-APP-TOO-LARGE
richardsimmons001-L-XL,1,AMZ-PG-APP-TOO-SMALL
custom-30x40fleece-heart-plum,1,CR-ORDERED_WRONG_ITEM
blowupguitar,2,CR-UNWANTED_ITEM
albundy002-XXL,1,CR-QUALITY_UNACCEPTABLE
albundy002-XXXL,1,CR-QUALITY_UNACCEPTABLE
plumtree001-XL,1,AMZ-PG-APP-TOO-SMALL
FilthyAnimalLoungePants-XF003-XL,1,DID_NOT_LIKE_FABRIC
GDSA2851TV-GratDeadPants-XL,1,AMZ-PG-APP-TOO-LARGE
GDSA2851TV-GratDeadPants-L,1,AMZ-PG-APP-TOO-LARGE
suicidesquad003-XL,1,AMZ-PG-APP-TOO-SMALL
drseuss015-M,1,AMZ-PG-APP-TOO-SMALL
leagueoftheirowncostume-L/XL,1,AMZ-PG-BAD-DESC
4U9ML-ERNIE-CostumeShirt-S,1,AMZ-PG-APP-TOO-SMALL
bigbang072-XL,1,AMZ-PG-APP-TOO-SMALL
metallica003-M,1,CR-SWITCHEROO
220078-SharkChubSuitYellow-Adult,1,AMZ-PG-APP-STYLE
magnumPI003-M,1,AMZ-PG-APP-TOO-SMALL
magnumPI003-L,1,AMZ-PG-APP-TOO-LARGE
curiousgeorgecostumeset-M,1,AMZ-PG-BAD-DESC
wwe059purple-S,1,CR-UNWANTED_ITEM
DaleVest-M,1,CR-UNWANTED_ITEM
BrennanVest-L,1,CR-UNWANTED_ITEM
custom-KidsCape-Green,1,CR-DEFECTIVE
220074-PenguinChubSuit-Adult,1,CR-UNWANTED_ITEM
boratthong,1,AMZ-PG-BAD-DESC
hoosiers003-XL,1,AMZ-PG-APP-TOO-SMALL
customshirtBlack-M,1,CR-QUALITY_UNACCEPTABLE
ShortSleeve-VenkmanTee-3XL,1,CR-UNWANTED_ITEM
ghost016-XXXL,1,AMZ-PG-BAD-DESC
rockyrobe1,1,CR-QUALITY_UNACCEPTABLE
Office008-XL,1,AMZ-PG-APP-TOO-LARGE
Office008-L,1,AMZ-PG-APP-TOO-SMALL
rockyrobe2,1,CR-UNWANTED_ITEM
topgun002-L,2,AMZ-PG-MISORDERED
topgun002-S,1,CR-UNWANTED_ITEM
metallica003-S,1,DID_NOT_LIKE_COLOR
topgun002-XL,1,CR-UNWANTED_ITEM
NasaBoots-PLZZ7270TV-10-11,2,CR-UNWANTED_ITEM
NasaBoots-PLZZ7270TV-12-13,2,CR-UNWANTED_ITEM
220078-SharkChubSuitYellow-Teen,1,AMZ-PG-APP-TOO-LARGE
trueblood009j-S,1,AMZ-PG-APP-TOO-SMALL
220743-FlintTropicsSHORTS-L/XL,1,AMZ-PG-APP-TOO-LARGE
100566-RonBurgundyRobe,1,AMZ-PG-APP-TOO-LARGE
fearloathingglasses,1,CR-UNWANTED_ITEM
soahat002-M/L,1,AMZ-PG-APP-TOO-LARGE
plumtree001-M,1,CR-DAMAGED_BY_FC
hulk003redN-XL,1,AMZ-PG-APP-TOO-LARGE
plumtree001-S,1,AMZ-PG-APP-TOO-SMALL
RickMortyPicklePants-RM0242-52-XXL,1,CR-SWITCHEROO
adventure002jr-XL,1,AMZ-PG-APP-TOO-SMALL
36307-M,1,CR-DEFECTIVE
blowupguitar,1,AMZ-PG-APP-TOO-LARGE
woodycostumeshirt-L-XL,1,AMZ-PG-APP-TOO-SMALL
richardsimmons001-S-M,1,AMZ-PG-APP-STYLE
ultimatewarriorbandSet,1,AMZ-PG-APP-STYLE
M&M-Green-JUNIORS-Shirt-M,1,DID_NOT_LIKE_FABRIC
M&M-Green-ADULT-Shirt-S,1,AMZ-PG-APP-TOO-SMALL
mm001Nblu-XL,1,CR-QUALITY_UNACCEPTABLE
dresshat001HAT2-Orange,1,DID_NOT_LIKE_FABRIC
dresshat001HAT2-Purple,1,DID_NOT_LIKE_COLOR
InflatableGiraffe-Adult,1,AMZ-PG-APP-TOO-SMALL
CY034-ChristmasStoryUnionSuit-L,1,CR-QUALITY_UNACCEPTABLE
mm003JRSblue-S,1,AMZ-PG-APP-TOO-LARGE
doubledare001red-S,1,AMZ-PG-APP-TOO-SMALL
sein023-XL,1,AMZ-PG-APP-TOO-SMALL
powerrangers018blue-6/12,1,CR-QUALITY_UNACCEPTABLE
SquidGameSuit-GREEN-067-S,1,CR-UNWANTED_ITEM
teenwolfcostume1-XXL,1,AMZ-PG-APP-TOO-SMALL
aerosmith002-S,1,AMZ-PG-APP-TOO-LARGE
ghost017-L,1,AMZ-PG-MISORDERED
acwig,1,AMZ-PG-APP-STYLE
220835-NunMask,1,CR-DEFECTIVE
powerrangers005-M,1,AMZ-PG-APP-STYLE
avatar001-L,1,AMZ-PG-APP-TOO-SMALL
20350-GRN-S,1,AMZ-PG-APP-TOO-SMALL
superherocape002CHILDred-red,1,AMZ-PG-APP-TOO-LARGE
wrestlingboots-MY,1,CR-MISSED_ESTIMATED_DELIVERY
mm003JRSgreen-S,1,CR-NOT_COMPATIBLE
Thing1-6-UnionSuit-ADULT-M,1,CR-UNWANTED_ITEM
Tekashi69WigTattooSet,1,AMZ-PG-APP-STYLE
waldocostumeDELUXE-L,1,CR-UNWANTED_ITEM
220078-SharkChubSuitYellow-Adult,1,CR-UNWANTED_ITEM
220843-ConeHead-Adult1,1,CR-UNWANTED_ITEM
Custom-MightDucksJersey-3XL,1,CR-SWITCHEROO
bandanaglassesset-Red,1,CR-UNWANTED_ITEM
btlc004-S,1,AMZ-PG-APP-TOO-SMALL
caddyshackhat003,1,AMZ-PG-APP-TOO-SMALL
powerrangerssweatshirtBlue-XXL,1,AMZ-PG-APP-TOO-LARGE
sbtbslaterjersey-XXL,1,AMZ-PG-APP-TOO-SMALL
leagueoftheirowncostume-L/XL,1,CR-UNWANTED_ITEM
stepbros010-L,2,AMZ-PG-APP-TOO-SMALL
aerosmith002-M,1,AMZ-PG-APP-TOO-SMALL
sbb015-XXL,1,CR-UNWANTED_ITEM
220077-HotDogChubSuit-Adult,1,CR-DEFECTIVE
topgun002-XL,2,DID_NOT_LIKE_COLOR
100980-TheQueenMusicBeltArmband,1,CR-MISSED_ESTIMATED_DELIVERY
waynesworldcostumeset002-L,1,CR-MISSED_ESTIMATED_DELIVERY
WB1658-WB1659-WonderWomanCostumeSet-L,1,AMZ-PG-BAD-DESC
powerrangers017blue-L,1,CR-MISSED_ESTIMATED_DELIVERY
wildthingscostume001-M,1,AMZ-PG-APP-TOO-LARGE
220078-SharkChubSuitYellow-Adult,1,CR-UNWANTED_ITEM
220078-SharkChubSuitYellow-Adult,1,CR-UNWANTED_ITEM
mashhat002,1,AMZ-PG-APP-TOO-LARGE
sein023-XXL,1,CR-MISSED_ESTIMATED_DELIVERY
waynesworld002-M,1,CR-SWITCHEROO
dresshat001HAT2-Blue,1,CR-UNWANTED_ITEM
teenwolfcostume1-XL,1,AMZ-PG-APP-TOO-SMALL
dw001,1,CR-UNWANTED_ITEM
dw001,1,CR-UNWANTED_ITEM
pjmasks002-2T,1,DID_NOT_LIKE_COLOR
204074-QuaggyGiggityShirt-XXL,1,AMZ-PG-APP-TOO-LARGE
incredhulk013-S,1,AMZ-PG-APP-TOO-SMALL
karatekidcobrakaidlxcostume-Deluxe,1,DID_NOT_LIKE_FABRIC
220079-SharkChubSuitBlue-YOUTH,1,CR-DEFECTIVE
powerrangers018yellow-6/12,1,DID_NOT_LIKE_FABRIC
starwars088-L,1,CR-QUALITY_UNACCEPTABLE
220080-SharkChubSuitPink-Adult,1,CR-MISSED_ESTIMATED_DELIVERY
204071-UncleRicoShirt-L,1,CR-UNWANTED_ITEM
220079-SharkChubSuitBlue-Teen,1,AMZ-PG-APP-TOO-LARGE
sanford064-L,1,AMZ-PG-APP-TOO-SMALL
CowgirlShirt-204051-M,1,DID_NOT_LIKE_FABRIC
220080-SharkChubSuitPink-Adult,1,CR-QUALITY_UNACCEPTABLE
220078-SharkChubSuitYellow-Adult,1,CR-QUALITY_UNACCEPTABLE
CowgirlShirt-204051-XL,1,CR-UNWANTED_ITEM
PowerRangers-Yellow-SLShirt-M,1,AMZ-PG-APP-TOO-LARGE
germanhat001-green,1,CR-DEFECTIVE
curiousgeorgecostumeset-L,1,DID_NOT_LIKE_FABRIC
tmnt047tankdressRaph-M,1,CR-UNWANTED_ITEM
tmnt047tankdressLeo-L,1,CR-UNWANTED_ITEM
ferris002-L,1,CR-SWITCHEROO
karatekidcobrakaidlxcostumetXL-Deluxe-XL,1,CR-UNWANTED_ITEM
220743-FlintTropicsSHORTS-L/XL,1,AMZ-PG-APP-TOO-SMALL
XFiles001-M,1,DID_NOT_LIKE_COLOR
fauxshirt008orange-L,1,AMZ-PG-APP-TOO-LARGE
powerrangers018red-18/24,1,DID_NOT_LIKE_COLOR
Juno001-M,1,AMZ-PG-APP-STYLE
juno003-XL,1,AMZ-PG-APP-TOO-LARGE
ghost022-XL,1,AMZ-PG-APP-TOO-LARGE
leagueoftheirowncostume-S/Mdeluxe,1,AMZ-PG-APP-TOO-SMALL
220077-HotDogChubSuit-Adult,1,AMZ-PG-APP-TOO-LARGE
legendstempleorg-M,1,CR-QUALITY_UNACCEPTABLE
DodgeballCobrasCostumeSet-L,1,AMZ-PG-BAD-DESC
bsg008-XXL,1,DID_NOT_LIKE_FABRIC
powerrangers018red-0/6,1,CR-UNWANTED_ITEM
oktoberfestlederhosenSHORTS-42,2,AMZ-PG-APP-TOO-SMALL
highafrowig,1,CR-MISSED_ESTIMATED_DELIVERY
madhatterpurse001,1,CR-DEFECTIVE
MightyDucksJersey-Goldberg-XL,1,AMZ-PG-APP-TOO-SMALL
blowupguitar,1,AMZ-PG-APP-STYLE
mm001Nblu-XL,1,AMZ-PG-APP-TOO-LARGE
mm001Ngrn-M,1,AMZ-PG-APP-TOO-SMALL
mm001Nred-M,1,AMZ-PG-APP-TOO-SMALL
mm001Norg-S,1,AMZ-PG-APP-TOO-LARGE
RiverdaleHat001,1,DID_NOT_LIKE_FABRIC
220080-SharkChubSuitPink-Adult,1,AMZ-PG-APP-TOO-LARGE
220660blxs,1,AMZ-PG-APP-TOO-SMALL
6665611-yellowstoneTruckerHat,1,AMZ-PG-APP-TOO-SMALL
drseuss021thing1-XXL,1,AMZ-PG-APP-TOO-SMALL
roddypiper001-XL,1,AMZ-PG-APP-TOO-LARGE
tmnt045Raph-XXXL,1,AMZ-PG-APP-TOO-LARGE
hulkpants001-XL,1,CR-UNWANTED_ITEM
RedBandanaRedGlasses,1,CR-UNWANTED_ITEM
hulk001-L,1,CR-UNWANTED_ITEM
wmw001,1,CR-UNWANTED_ITEM
officedundie,1,CR-MISSING_PARTS
220080-SharkChubSuitPink-Adult,1,CR-DEFECTIVE
220743-FlintTropicsSHORTS-L/XL,1,CR-UNWANTED_ITEM
snlbearsVESTsweater-M,1,AMZ-PG-APP-TOO-LARGE
CY034-ChristmasStoryUnionSuit-XL,1,AMZ-PG-APP-TOO-SMALL
tmntonesiePURPLE-24M,1,CR-DEFECTIVE
dresshat001HAT2-Grey,1,CR-UNWANTED_ITEM
topgun002-XXL,1,AMZ-PG-APP-TOO-LARGE
204088-HopperHawaiianShirt-XXL,1,AMZ-PG-APP-TOO-SMALL
BoxingRobe-White,1,CR-UNWANTED_ITEM
snlbearsVESTsweater-XL,1,CR-UNWANTED_ITEM
Fearloathing-LasVegasVisorSet,1,CR-MISSED_ESTIMATED_DELIVERY
drseuss027thing1-L,1,DID_NOT_LIKE_FABRIC
batmanswim004-S,1,CR-SWITCHEROO
220080-SharkChubSuitPink-Adult,1,AMZ-PG-APP-TOO-LARGE
220078-SharkChubSuitYellow-Adult,1,AMZ-PG-APP-TOO-LARGE
220079-SharkChubSuitBlue-Adult,1,AMZ-PG-APP-TOO-LARGE
shopkins004-6,1,CR-UNWANTED_ITEM
CustomFaceMaks2,1,CR-DEFECTIVE
wildthingscostume001-XL,1,CR-SWITCHEROO
220777-BigBoyOverall-ORANGE-S/M,1,AMZ-PG-APP-TOO-SMALL
germanhat001-brown,1,AMZ-PG-APP-TOO-SMALL
sbtbslaterjersey-L,1,AMZ-PG-APP-TOO-LARGE
220785-DumbDumber-ORNG-L,1,CR-DEFECTIVE
220714-TrainEngineerChildCostume-2/3,1,CR-UNWANTED_ITEM
220660pllxl,1,AMZ-PG-APP-TOO-SMALL
hulk003redN-XXL,1,AMZ-PG-APP-TOO-LARGE
topgun021-S,1,AMZ-PG-APP-STYLE
100576BROWN-XL,1,CR-UNWANTED_ITEM
revengenerds005-L,1,AMZ-PG-APP-TOO-LARGE
CY034-ChristmasStoryUnionSuit-3XL,1,CR-UNWANTED_ITEM
220078-SharkChubSuitYellow-Adult,1,CR-UNWANTED_ITEM
topgun002-L,1,AMZ-PG-APP-TOO-LARGE
aerosmith002-M,1,AMZ-PG-MISORDERED
SM0045-SimpsonsTshirt-S,1,AMZ-PG-MISORDERED
whiplashwig,1,AMZ-PG-APP-STYLE
incredhulk006-L,1,CR-DAMAGED_BY_FC
juno003-S,1,CR-UNWANTED_ITEM
dresshat001HAT1-Red,1,CR-UNWANTED_ITEM
sein023-L,1,AMZ-PG-APP-TOO-SMALL
ricflare001-yellow,1,CR-UNWANTED_ITEM
leagueoftheirowncostume-S/Mdeluxe,1,AMZ-PG-APP-TOO-SMALL
220752-RockfordPeachesMENS-S/M,1,CR-UNWANTED_ITEM
starwars129-XXL,1,CR-DEFECTIVE
nerdstankdressPURPLE-XS,1,AMZ-PG-APP-TOO-SMALL
wonderwomanswim003-XL,1,CR-MISSING_PARTS
Curly80'sHair-1232,1,CR-MISSED_ESTIMATED_DELIVERY
boratthong,1,AMZ-PG-APP-TOO-LARGE
jokercards,2,CR-ORDERED_WRONG_ITEM
NSSA3485TV-NarutoPants-L,1,CR-QUALITY_UNACCEPTABLE
NSSA3485TV-NarutoPants-M,1,CR-QUALITY_UNACCEPTABLE
ghost017-XXL,1,AMZ-PG-APP-TOO-SMALL
curiousgeorgecostumeset-XXL,1,CR-QUALITY_UNACCEPTABLE
220660pksm,1,CR-UNWANTED_ITEM
wildthingscostume001-L,1,AMZ-PG-APP-TOO-SMALL
wildthingscostume001-XL,1,CR-DEFECTIVE
M&M-Green-ADULT-Shirt-M,1,AMZ-PG-APP-TOO-SMALL
204089-ModernLife-L,1,AMZ-PG-APP-TOO-LARGE
220752-RockfordPeachesMENS-2XL,1,AMZ-PG-APP-TOO-LARGE
SquidGameSuit-GREEN-218-M,1,CR-DEFECTIVE
CY034-ChristmasStoryUnionSuit-3XL,1,AMZ-PG-APP-TOO-SMALL
sein023-XL,1,CR-UNWANTED_ITEM
customshirtBlack-XL,1,CR-DEFECTIVE
JediBoots-100582-M,1,AMZ-PG-APP-TOO-SMALL
ElvisGlasses001-Gold,1,DID_NOT_LIKE_COLOR
CowgirlShirt-204051-XL,1,CR-UNWANTED_ITEM
suicidesquad004-XL,1,CR-DEFECTIVE
sriracha004-XL,1,AMZ-PG-APP-TOO-SMALL
topgun002-S,1,AMZ-PG-APP-TOO-SMALL
1188-KingTrollWigKit,1,CR-UNWANTED_ITEM
scarfacecostume001-XXL,1,CR-UNWANTED_ITEM
mashhat002,1,CR-SWITCHEROO
CustomFaceMaks2,1,CR-DEFECTIVE
napoleonaccesssory-XXL,1,CR-SWITCHEROO
RiverdaleHat001,1,CR-QUALITY_UNACCEPTABLE
woodycostumeshirt-3XL,1,AMZ-PG-APP-TOO-SMALL
220074-PenguinChubSuit-Adult,1,CR-UNWANTED_ITEM
albundy001-XXL,1,AMZ-PG-APP-STYLE
waldocostumeDELUXE-XS,1,CR-UNWANTED_ITEM
custom-NameNum-leagueoftheirown-L-XL,1,AMZ-PG-BAD-DESC
220078-SharkChubSuitYellow-Adult,1,AMZ-PG-BAD-DESC
starwars129-S,1,AMZ-PG-APP-TOO-SMALL
220785-DumbDumber-ORNG-XL,1,CR-UNWANTED_ITEM
dresshat001HAT2-Orange,2,AMZ-PG-APP-TOO-SMALL
sein023-M,1,AMZ-PG-APP-TOO-LARGE
breakingbad004gray-L,1,AMZ-PG-APP-TOO-LARGE
220823-PinkBunny-KIDS-3/4T,1,CR-MISSED_ESTIMATED_DELIVERY
Office008-XXL,1,AMZ-PG-APP-TOO-LARGE
CY034-ChristmasStoryUnionSuit-S,1,AMZ-PG-APP-STYLE
leagueoftheirowncostume-S/Mdeluxe,1,CR-SWITCHEROO
SuperBrosHat001-Red,1,AMZ-PG-APP-TOO-LARGE
CowgirlShirt-204051-XXL,1,AMZ-PG-BAD-DESC
CowgirlShirt-204051-XL,1,CR-UNWANTED_ITEM
woodycostumeshirt-3XL,1,AMZ-PG-APP-TOO-SMALL
mm003JRSgreen-L,1,CR-UNWANTED_ITEM
220080-SharkChubSuitPink-Teen,1,CR-UNWANTED_ITEM
hulkbgold,1,CR-MISSED_ESTIMATED_DELIVERY
caddy010-M,1,CR-UNWANTED_ITEM
ghost017-XXL,1,AMZ-PG-APP-TOO-LARGE
220079-SharkChubSuitBlue-Adult,1,CR-UNWANTED_ITEM
220078-SharkChubSuitYellow-Adult,1,CR-UNWANTED_ITEM
CY034-ChristmasStoryUnionSuit-3XL,1,AMZ-PG-APP-TOO-SMALL
caddy010-3X,1,AMZ-PG-APP-TOO-LARGE
stepbros001-M,1,CR-UNWANTED_ITEM
220078-SharkChubSuitYellow-Adult,1,CR-DAMAGED_BY_CARRIER
CY034-ChristmasStoryUnionSuit-XL,1,CR-UNWANTED_ITEM
220799-QuailMan-XL,1,CR-UNWANTED_ITEM
QF009BBSTV-BlueyPajamas-4,1,CR-UNWANTED_ITEM
custom-KidsCape-Blue,1,CR-MISSED_ESTIMATED_DELIVERY
WB1658-WB1659-WonderWomanCostumeSet1-M,1,CR-UNWANTED_ITEM
220621-youth,1,AMZ-PG-APP-TOO-SMALL
woodycostumeshirt-3XL,1,AMZ-PG-APP-TOO-SMALL
runningshorts001GOLD-L-XL,1,CR-QUALITY_UNACCEPTABLE
boratthong,1,AMZ-PG-APP-TOO-LARGE
ghost017-XL,1,AMZ-PG-APP-TOO-SMALL
nwo003-3XL,1,AMZ-PG-APP-TOO-SMALL
tmnt047tankdressRaph-M,1,CR-SWITCHEROO
plumtree001-M,1,AMZ-PG-APP-TOO-SMALL
topgun002-XL,1,CR-DAMAGED_BY_FC
metallica003-M,1,AMZ-PG-APP-TOO-SMALL
peggywig001,1,CR-MISSED_ESTIMATED_DELIVERY
suitpajamas001black-L,1,DID_NOT_LIKE_FABRIC
220785-DumbDumber-ORNG-XL,1,AMZ-PG-BAD-DESC
PowerRangers-White-SLShirt-M,1,AMZ-PG-APP-TOO-SMALL
PowerRangers-Pink-SLShirt-L,1,AMZ-PG-APP-TOO-LARGE
NL029-ChristmasVacationPajamaSet-M,1,CR-SWITCHEROO
BoxingRobe-White,1,DID_NOT_LIKE_FABRIC
BoxingRobe-Black,1,AMZ-PG-APP-TOO-SMALL
suicidesquad010-L,1,DID_NOT_LIKE_COLOR
toystory011-2T,1,AMZ-PG-APP-TOO-SMALL
mm001Nblu-XS,1,AMZ-PG-APP-TOO-SMALL
paul001-XL,1,AMZ-PG-BAD-DESC
220786-LT-DumbDumber-BLUE-L,1,CR-UNWANTED_ITEM
220785-DumbDumber-ORNG-L,1,CR-UNWANTED_ITEM
220832-BingoOnesie-2T,1,CR-SWITCHEROO
leagueoftheirowncostume-XXLdeluxe,1,AMZ-PG-APP-TOO-SMALL
Dodgeball003-XL,1,CR-MISSED_ESTIMATED_DELIVERY
dodgeball003-XXL,1,CR-MISSED_ESTIMATED_DELIVERY
blowupguitar,1,CR-QUALITY_UNACCEPTABLE
220757-AverageJoesWomensSet-S,1,CR-MISSED_ESTIMATED_DELIVERY
220757-AverageJoesWomensSet-M,1,CR-MISSED_ESTIMATED_DELIVERY
PowerRangers-Yellow-SLShirt-M,1,CR-MISSED_ESTIMATED_DELIVERY
powerrangers009-XXL,1,CR-MISSED_ESTIMATED_DELIVERY
sriracha004-L,1,CR-DEFECTIVE
weekndwig001,1,CR-UNWANTED_ITEM
220079-SharkChubSuitBlue-Adult,1,CR-UNWANTED_ITEM
220078-SharkChubSuitYellow-Adult,1,AMZ-PG-APP-TOO-LARGE
220079-SharkChubSuitBlue-Adult,1,AMZ-PG-APP-TOO-LARGE
220080-SharkChubSuitPink-Adult,1,AMZ-PG-APP-TOO-LARGE
leagueoftheirowncostume-Small/Medium,1,AMZ-PG-APP-TOO-SMALL
CY034-ChristmasStoryUnionSuit-L,1,AMZ-PG-APP-TOO-SMALL
sein023-XXL,1,AMZ-PG-APP-TOO-SMALL
M&M-Red-ADULT-Shirt-M,1,CR-QUALITY_UNACCEPTABLE
M&M-Blue-ADULT-Shirt-M,1,CR-QUALITY_UNACCEPTABLE
M&M-Orange-ADULT-Shirt-M,1,CR-QUALITY_UNACCEPTABLE
220797-CaddyJumpsuit-5/6,1,CR-SWITCHEROO
RetroWigHeadband-1191,1,CR-UNWANTED_ITEM
stepbros001-L,1,AMZ-PG-BAD-DESC
220079-SharkChubSuitBlue-Teen,1,AMZ-PG-APP-TOO-LARGE
220079-SharkChubSuitBlue-Adult,1,CR-MISSED_ESTIMATED_DELIVERY
220786-LT-DumbDumber-BLUE-M,1,CR-UNAUTHORIZED_PURCHASE
CY034-ChristmasStoryUnionSuit-XL,1,AMZ-PG-APP-TOO-SMALL
looneytunes029-L,1,AMZ-PG-BAD-DESC
suicidesquad003-2X,1,AMZ-PG-APP-TOO-SMALL
leagueoftheirowncostume-XXLdeluxe,1,AMZ-PG-APP-TOO-SMALL
mm001Nblu-XS,1,CR-SWITCHEROO
100606-SemiRimlessYellowGlasses,1,CR-MISSED_ESTIMATED_DELIVERY
nap027-L,1,CR-MISSED_ESTIMATED_DELIVERY
220078-SharkChubSuitYellow-Adult,1,CR-DEFECTIVE
sein023-XXL,1,AMZ-PG-MISORDERED
ImperialOfficerCap-ECSW2060TV-Black,1,AMZ-PG-APP-TOO-SMALL
ImperialOfficerCap-ECSW2060TV-Black,1,CR-DEFECTIVE
oktoberfestlederhosenSHORTS-32,1,AMZ-PG-APP-TOO-LARGE
btlc004-XXL,1,CR-MISSED_ESTIMATED_DELIVERY
MightyDucksJersey-Reed-L,1,CR-SWITCHEROO
blowupguitar,1,AMZ-PG-APP-TOO-LARGE
BuzzLightYearLongSleeveAdultShirt-L,1,AMZ-PG-APP-TOO-LARGE
RM0106-RickMortyEyePopPanty-S,1,CR-SWITCHEROO
PowerRangers-Yellow-SLShirt-M,1,CR-FOUND_BETTER_PRICE
220785-DumbDumber-ORNG-2XL,1,CR-UNWANTED_ITEM
watchmen006-XL,1,AMZ-PG-APP-TOO-LARGE
1189-PrincessTrollWig,1,AMZ-PG-APP-STYLE
albundy001-L,1,AMZ-PG-APP-TOO-SMALL
204086-DwightShirtTie-XL,1,AMZ-PG-APP-TOO-LARGE
drseuss015-XXL,1,AMZ-PG-APP-TOO-SMALL
tmntonesieRED-24M,1,CR-DEFECTIVE
dresshat001HAT1-Red,1,CR-MISSED_ESTIMATED_DELIVERY
bigl032-XL,1,AMZ-PG-APP-TOO-LARGE
M&M-Red-ADULT-Shirt-S,1,AMZ-PG-APP-TOO-SMALL
WB1658-WB1659-WonderWomanCostumeSet1-XL,1,CR-DEFECTIVE
CY034-ChristmasStoryUnionSuit-3XL,1,AMZ-PG-APP-TOO-LARGE
CelticRing-8.5,1,AMZ-PG-APP-TOO-LARGE
M&M-Red-ADULT-Shirt-L,1,CR-QUALITY_UNACCEPTABLE
hulkbRed,1,CR-UNWANTED_ITEM
ferris010-XL,1,DID_NOT_LIKE_COLOR
220789-DumbDumber-CORAL-L,1,CR-UNWANTED_ITEM
ricflare001-yellow,1,DID_NOT_LIKE_FABRIC
QF009BBSTV-BlueyPajamas-4,1,CR-DAMAGED_BY_FC
ElvisGlasses001-Gold,1,AMZ-PG-BAD-DESC
220832-BingoOnesie-2T,1,CR-SWITCHEROO
suicidesquad003-XS,1,AMZ-PG-APP-TOO-SMALL
PowerRangers-Blue-SLShirt-M,1,CR-MISSED_ESTIMATED_DELIVERY
PowerRangers-Yellow-SLShirt-M,2,CR-MISSED_ESTIMATED_DELIVERY
PowerRangers-White-SLShirt-3XL,3,CR-UNWANTED_ITEM
PowerRangers-Yellow-SLShirt-XL,1,CR-UNWANTED_ITEM
PowerRangers-Yellow-SLShirt-3XL,1,CR-MISSED_ESTIMATED_DELIVERY
mm003JRSorange-M,1,AMZ-PG-APP-TOO-SMALL
mm003JRSgreen-M,1,AMZ-PG-APP-TOO-SMALL
DSTS26LGS-BuzzLightyearJuniotsTshirt-XL,1,AMZ-PG-APP-TOO-SMALL
RetroWigHeadband-1191,1,CR-DEFECTIVE
batmanswim006-24M,2,AMZ-PG-APP-TOO-LARGE
leagueoftheirowncostume-S/Mdeluxe,1,AMZ-PG-APP-TOO-SMALL
220077-HotDogChubSuit-Teen,1,AMZ-PG-APP-TOO-SMALL
wrestlingboots-MY,1,DID_NOT_LIKE_FABRIC
HufflepuffRobe-HP0286-L/XL,1,AMZ-PG-APP-STYLE
SlytherinRobe-HP0284-XS,1,AMZ-PG-APP-TOO-SMALL
RavenclawRobe-HP0285-L/XL,1,AMZ-PG-APP-STYLE
redbriefcolors-L,1,DID_NOT_LIKE_FABRIC
mypony056-S,1,CR-UNWANTED_ITEM
drseuss027thing2-XS,1,CR-SWITCHEROO
220876-SuperBadPants-2XL,1,CR-UNWANTED_ITEM
220623-plus,1,CR-QUALITY_UNACCEPTABLE
furiespants-S,2,DID_NOT_LIKE_FABRIC
furiespants-M,2,DID_NOT_LIKE_FABRIC
furiespants-L,1,DID_NOT_LIKE_FABRIC
RetroWigHeadband-1191,1,CR-UNWANTED_ITEM
CY034-ChristmasStoryUnionSuit-XL,1,CR-DEFECTIVE
220844-BoxingRobeKids-Blk,1,CR-UNWANTED_ITEM
CelticRing-7.5,1,AMZ-PG-APP-TOO-LARGE
M&M-Red-ADULT-Shirt-2XL,1,AMZ-PG-APP-TOO-LARGE
M&M-Blue-ADULT-Shirt-2XL,1,CR-QUALITY_UNACCEPTABLE
dodgeball003-XXL,2,CR-DEFECTIVE
customslides1-10-black,1,CR-QUALITY_UNACCEPTABLE
220079-SharkChubSuitBlue-Adult,1,CR-QUALITY_UNACCEPTABLE
CY034-ChristmasStoryUnionSuit-XL,1,AMZ-PG-APP-TOO-LARGE
220744-AhoySailorCostume-MENS-XS,1,AMZ-PG-APP-TOO-SMALL
suitpajamas001black-S,1,DID_NOT_LIKE_FABRIC
220776-BigBoyOverall-BLUE-S/M,1,AMZ-PG-APP-TOO-SMALL
220776-BigBoyOverall-BLUE-S/M,1,AMZ-PG-APP-TOO-SMALL
bobsburgers004-L,1,AMZ-PG-APP-TOO-SMALL
mm001Nblu-XS,1,AMZ-PG-APP-TOO-SMALL
JediRobe-204065-STD,1,CR-ORDERED_WRONG_ITEM
Custom-LeftChestClover-Sweatshirt-M,1,CR-UNWANTED_ITEM
Custom-Shamrocked-Sweatshirt-M,1,CR-UNWANTED_ITEM
starwars129-S,1,AMZ-PG-APP-TOO-LARGE
bigl032-XXL,1,AMZ-PG-APP-TOO-LARGE
220785-DumbDumber-ORNG-M,1,CR-UNWANTED_ITEM
Warriors001-S,1,DID_NOT_LIKE_COLOR
Custom-Shamrock-Sweatshirt-2XL,1,AMZ-PG-APP-TOO-LARGE
mm001Ngrn-S,1,AMZ-PG-APP-TOO-LARGE
powerrangers018blue-6/12,1,AMZ-PG-APP-TOO-SMALL
846523-WonderlandBoyshorts,1,AMZ-PG-APP-TOO-LARGE
RavenclawRobe-HP0285-S/M,1,AMZ-PG-APP-TOO-LARGE
204087-ChotchkiesCostumeSet-XL,1,CR-SWITCHEROO
QF009BBSTV-BlueyPajamas-4,1,CR-UNWANTED_ITEM
blowupguitar,1,AMZ-PG-APP-TOO-LARGE
220696-WOMENS-MimeCostumeSet-M,1,AMZ-PG-APP-TOO-SMALL
biglpants001-S,1,AMZ-PG-APP-TOO-SMALL
hoosiers003-XXL,1,CR-UNWANTED_ITEM
220785-DumbDumber-ORNG-XL,1,CR-UNWANTED_ITEM
220696-WOMENS-MimeCostumeSet-M,1,AMZ-PG-APP-TOO-SMALL
einstein001-M,2,CR-DEFECTIVE
mm001Ngrn-M,1,CR-MISSED_ESTIMATED_DELIVERY
220797-CaddyJumpsuit-L,4,AMZ-PG-BAD-DESC
220073-GorillaChubSuit-Adult,1,CR-DEFECTIVE
hollywoodbandana,1,CR-UNWANTED_ITEM
hotrodcostumeset-L,1,CR-UNWANTED_ITEM
peanuts020-M,1,AMZ-PG-APP-TOO-SMALL
ducktie,1,DID_NOT_LIKE_FABRIC
ApolloShorts-XL,1,CR-QUALITY_UNACCEPTABLE
oktoberfestlederhosenPANTS-40,1,AMZ-PG-APP-TOO-LARGE
waldocostumeDELUXE-XXL,1,CR-MISSED_ESTIMATED_DELIVERY
220843-ConeHead-Adult1,1,AMZ-PG-BAD-DESC
220079-SharkChubSuitBlue-Adult,1,AMZ-PG-APP-TOO-LARGE
220080-SharkChubSuitPink-Adult,1,AMZ-PG-APP-TOO-LARGE
woodycostumeshirt-L-XL,1,CR-MISSED_ESTIMATED_DELIVERY
StrangerThingsSocks,1,CR-UNWANTED_ITEM
220079-SharkChubSuitBlue-Adult,1,AMZ-PG-BAD-DESC
chubsuitcostume002-black,1,DID_NOT_LIKE_FABRIC
GBXX22KBNP-Ghostbusters-XL,3,DID_NOT_LIKE_FABRIC
suicidesquad003-2X,1,CR-SWITCHEROO
CowgirlShirt-204051-L,1,CR-UNWANTED_ITEM
PowerRangers-Yellow-SLShirt-M,1,AMZ-PG-APP-TOO-LARGE
batman094-XL,1,AMZ-PG-APP-TOO-SMALL
220072-USAChubSuit-Adult,1,CR-UNWANTED_ITEM
Dodgeball003-M,1,CR-UNWANTED_ITEM
BrennanVest-XL,1,CR-SWITCHEROO
220079-SharkChubSuitBlue-Adult,1,AMZ-PG-APP-STYLE
220080-SharkChubSuitPink-Adult,1,AMZ-PG-APP-STYLE
M&M-Green-ADULT-Shirt-M,1,AMZ-PG-APP-STYLE
220767-QuintCostumeSet-XXL,1,AMZ-PG-APP-TOO-LARGE
20282-L-XL,1,AMZ-PG-APP-TOO-SMALL
spidermantankdressBLACK-S,1,CR-DEFECTIVE
mash008-L,1,AMZ-PG-APP-TOO-SMALL
karatekidcobrakaidlxcostumetXL-Deluxe-XL,1,CR-UNWANTED_ITEM
220074-PenguinChubSuit-Adult,1,CR-UNWANTED_ITEM
100576BROWN-XL,1,CR-UNWANTED_ITEM
officedundie,1,CR-ORDERED_WRONG_ITEM
ferris008green-M,1,AMZ-PG-BAD-DESC
rockyrobe1,1,AMZ-PG-APP-TOO-LARGE
rockyrobe1,1,AMZ-PG-APP-TOO-LARGE
220785-DumbDumber-ORNG-S,1,CR-UNWANTED_ITEM
220789-DumbDumber-CORAL-2XL,1,AMZ-PG-BAD-DESC
220696-WOMENS-MimeCostumeSet-L,1,AMZ-PG-APP-TOO-SMALL
220832-BingoOnesie-3/4,1,CR-SWITCHEROO
startrekunionBLUE-M,1,AMZ-PG-APP-TOO-SMALL
220074-PenguinChubSuit-Adult,1,CR-UNWANTED_ITEM
M&M-Green-JUNIORS-Shirt-XL,1,AMZ-PG-APP-TOO-SMALL
M&M-Yellow-JUNIORS-Shirt-S,1,CR-DEFECTIVE
machomanbandana-Red,1,CR-UNWANTED_ITEM
220697-MENS-MimeCostumeSet-XXL,1,AMZ-PG-APP-TOO-LARGE
CustomFaceMaks2,1,AMZ-PG-BAD-DESC
LolaSleepSet-WB1787-69-M,1,AMZ-PG-APP-TOO-SMALL
dresshat001HAT1-Red,1,DID_NOT_LIKE_COLOR
powerrangerssweatshirtPink-M,1,DID_NOT_LIKE_COLOR
leagueoftheirowncostume-XXLdeluxe,1,AMZ-PG-APP-TOO-SMALL
waynesworldcostumeset002-M,3,CR-ORDERED_WRONG_ITEM
arrestedbobblehead002,1,CR-DAMAGED_BY_CARRIER
Custom-RS4400-Black-3_6m,1,CR-UNWANTED_ITEM
WB1622-HarleyChemiseDress-M,1,AMZ-PG-APP-TOO-LARGE
stepbros010-M,1,AMZ-PG-APP-TOO-SMALL
AMZ-SunGym-9360-MensTankTop-Chambray-2X,1,AMZ-PG-APP-TOO-LARGE
powerrangers018yellow-6/12,1,AMZ-PG-APP-TOO-SMALL
ImperialOfficerCap-ECSW2060TV-Black,1,CR-QUALITY_UNACCEPTABLE
RavenclawRobe-HP0285-S/M,1,AMZ-PG-APP-TOO-LARGE
nerdsaccessoryglasses,1,CR-UNWANTED_ITEM
220844-BoxingRobeKids-Blk,1,CR-ORDERED_WRONG_ITEM
M&M-Red-JUNIORS-Shirt-L,1,AMZ-PG-APP-TOO-LARGE
fightclub004-LXL,1,AMZ-PG-APP-TOO-SMALL
officedundie,1,CR-MISSING_PARTS
hulk005N-6M,1,AMZ-PG-APP-TOO-SMALL
204084-DwightSuit-L,1,CR-DEFECTIVE
204084-DwightSuit-XL,1,CR-DEFECTIVE
220079-SharkChubSuitBlue-Adult,1,CR-MISSED_ESTIMATED_DELIVERY
220079-SharkChubSuitBlue-Adult,1,CR-DAMAGED_BY_CARRIER
CY034-ChristmasStoryUnionSuit-3XL,1,CR-QUALITY_UNACCEPTABLE
SerpentNecklace,1,CR-SWITCHEROO
CY034-ChristmasStoryUnionSuit-L,1,AMZ-PG-APP-TOO-LARGE
btlc004-L,1,AMZ-PG-APP-TOO-LARGE
220781-MeanGirlsSantaCostume-M,1,CR-UNWANTED_ITEM
monstersinc009-XXL,1,AMZ-PG-APP-TOO-SMALL
starwarsbelt001-XL,2,AMZ-PG-APP-TOO-LARGE
biglpants001-M,1,AMZ-PG-APP-TOO-SMALL
batmancoin1,1,AMZ-PG-BAD-DESC
chubsuitcostume002-rylblue,1,CR-ORDERED_WRONG_ITEM
sein023-XXL,1,AMZ-PG-APP-TOO-SMALL
BrownDreadlocks-1230,1,CR-UNWANTED_ITEM
waldocostumeDELUXE-XXL,1,CR-UNWANTED_ITEM
220778-BigBoyOverall-GREEN-L/XL,1,CR-UNWANTED_ITEM
220767-QuintCostumeSet-L,1,CR-UNWANTED_ITEM
powerrangers017pink-S,1,AMZ-PG-APP-TOO-SMALL
powerrangers017yellow-XS,1,AMZ-PG-APP-TOO-LARGE
CowgirlShirt-204051-XS,1,CR-DEFECTIVE
TSM20002TV-WoodyBelt-S,2,AMZ-PG-APP-TOO-SMALL
monstersinc009-L,1,AMZ-PG-APP-TOO-LARGE
220660gldsm,1,AMZ-PG-APP-TOO-LARGE
officedundie,1,CR-MISSING_PARTS
beautybeast001-L-XL,1,CR-UNWANTED_ITEM
plumtree001-M,1,AMZ-PG-APP-TOO-SMALL
leagueoftheirowncostume-XXLdeluxe,1,AMZ-PG-APP-TOO-SMALL
sbb015-M,1,AMZ-PG-APP-TOO-SMALL
suitpajamas001black-XXL,1,AMZ-PG-APP-TOO-SMALL
biglpants001-S,1,AMZ-PG-APP-TOO-SMALL
hoosiers003-L,1,AMZ-PG-APP-TOO-SMALL
starwars037-L,1,CR-UNWANTED_ITEM
mash009-M,1,CR-SWITCHEROO
220781-MeanGirlsSantaCostume-XL,2,AMZ-PG-APP-TOO-LARGE
220781-MeanGirlsSantaCostume-2XL,2,AMZ-PG-APP-TOO-LARGE
boratthong,1,CR-MISSED_ESTIMATED_DELIVERY
nintendo020-XS,1,AMZ-PG-APP-TOO-LARGE
220789-DumbDumber-CORAL-S,1,CR-ORDERED_WRONG_ITEM
tmnt045Mike-L,1,AMZ-PG-APP-TOO-SMALL
tmnt045Don-L,1,AMZ-PG-APP-TOO-LARGE
sesame037-S,2,AMZ-PG-BAD-DESC
batman030-M,1,CR-UNWANTED_ITEM
ghost017-XXL,1,CR-SWITCHEROO
tmntapriloneilcostume-S/M,1,AMZ-PG-APP-TOO-SMALL
RacineBellsCostumeDressWomens-S/M,1,CR-UNWANTED_ITEM
220079-SharkChubSuitBlue-Adult,1,CR-UNWANTED_ITEM
CustomSublimationCape-Green,1,CR-QUALITY_UNACCEPTABLE
powerrangersset001red-XXL,1,AMZ-PG-APP-STYLE
suicidesquad004-L,1,AMZ-PG-APP-TOO-SMALL
suicidesquad004-L,1,CR-MISSED_ESTIMATED_DELIVERY
220843-ConeHead-Adult1,1,CR-UNWANTED_ITEM
superherocape002ADULTred-blu,1,CR-UNWANTED_ITEM
custom-NameNum-leagueoftheirown-L-XL,1,AMZ-PG-BAD-DESC
dotstankdress-L,1,AMZ-PG-APP-TOO-SMALL
suitpajamas001black-M,1,AMZ-PG-APP-TOO-LARGE
ghost017-XXL,1,CR-SWITCHEROO
220714-TrainEngineerChildCostume-6/7,1,CR-MISSED_ESTIMATED_DELIVERY
220814-PowerRangerPJ-PNK-L,1,AMZ-PG-BAD-DESC
220654-LS,1,CR-UNWANTED_ITEM
Custom-Shamrock-Sweatshirt-XL,1,CR-SWITCHEROO
hoosiers003-S,1,DID_NOT_LIKE_FABRIC
stepbros010-XL,1,AMZ-PG-APP-TOO-SMALL
scarfaceglasses001,1,AMZ-PG-APP-TOO-SMALL
incredhulk006-L,1,AMZ-PG-APP-TOO-LARGE
220079-SharkChubSuitBlue-Teen,1,AMZ-PG-APP-TOO-SMALL
220080-SharkChubSuitPink-Teen,1,AMZ-PG-APP-TOO-SMALL
TSM20002TV-WoodyBelt-L,1,CR-UNWANTED_ITEM
100584-SheriffBoots-12/13,1,CR-UNWANTED_ITEM
220654-LS,1,AMZ-PG-APP-STYLE
caddyshackhat001,1,CR-UNWANTED_ITEM
caddyshackhat002,1,CR-UNWANTED_ITEM
incredhulk006-XL,1,CR-UNWANTED_ITEM
rockyshorts-XL,1,CR-UNWANTED_ITEM
jokercards,1,AMZ-PG-BAD-DESC
1158-WhiteFuManchuBeardWig,1,AMZ-PG-BAD-DESC
starwars017-L,1,AMZ-PG-APP-TOO-SMALL
220785-DumbDumber-ORNG-XL,1,CR-UNWANTED_ITEM
powerrangers018red-18/24,1,CR-UNWANTED_ITEM
hulk003-XL,1,CR-UNWANTED_ITEM
220696-WOMENS-MimeCostumeSet-L,1,AMZ-PG-APP-TOO-SMALL
DW0025-DalekBoxerBriefs-M,1,AMZ-PG-APP-TOO-LARGE
teenwolfcostume1-XXL,1,AMZ-PG-APP-TOO-SMALL
ateam001-L,2,AMZ-PG-APP-TOO-SMALL
220078-SharkChubSuitYellow-Adult,1,CR-UNWANTED_ITEM
drseuss015-L,1,AMZ-PG-APP-TOO-SMALL
frankie002-XXL,1,AMZ-PG-APP-TOO-LARGE
dresshat001HAT2-Blue,1,CR-QUALITY_UNACCEPTABLE
dresshat001HAT2-Blue,1,AMZ-PG-BAD-DESC
220660gldsm,1,AMZ-PG-APP-TOO-LARGE
220785-DumbDumber-ORNG-L,1,CR-UNWANTED_ITEM
220757-AverageJoesWomensSet-M,1,CR-UNWANTED_ITEM
220757-AverageJoesWomensSet-L,1,CR-UNWANTED_ITEM
dodgeball003-M,1,CR-UNWANTED_ITEM
dodgeball003-L,1,CR-UNWANTED_ITEM
tmnt016-Leo-Mens-M,1,AMZ-PG-APP-TOO-LARGE
rockyshorts-S,1,AMZ-PG-APP-TOO-LARGE
wonderwoman005-L,1,AMZ-PG-APP-TOO-SMALL
220079-SharkChubSuitBlue-Adult,1,AMZ-PG-APP-TOO-SMALL
220074-PenguinChubSuit-Adult,1,AMZ-PG-APP-TOO-LARGE
220080-SharkChubSuitPink-Adult,1,AMZ-PG-APP-TOO-LARGE
SquidGameSuit-GREEN-456-M,1,CR-MISSED_ESTIMATED_DELIVERY
coketankdress-L,1,AMZ-PG-APP-TOO-SMALL
topgun002-XL,1,CR-DEFECTIVE
topgun014-XL,1,CR-DEFECTIVE
220785-DumbDumber-ORNG-XL,1,CR-UNWANTED_ITEM
fearloathingglasses,1,DID_NOT_LIKE_COLOR
RickMortyPicklePants-RM0242-52-M,1,AMZ-PG-APP-STYLE
RickMortyPicklePants-RM0242-52-S,1,AMZ-PG-APP-STYLE
rockyrobe1,1,CR-MISSED_ESTIMATED_DELIVERY
220793-MartyShirt-XL,1,AMZ-PG-APP-TOO-LARGE
220793-MartyShirt-M,1,AMZ-PG-APP-TOO-SMALL
PowerRangers-Pink-SLShirt-L,1,AMZ-PG-APP-TOO-LARGE
220080-SharkChubSuitPink-Adult,1,AMZ-PG-APP-TOO-LARGE
bodysuit001nude-STD,1,AMZ-PG-APP-TOO-SMALL
220786-LT-DumbDumber-BLUE-M,1,CR-DEFECTIVE
ultimatewarriorbandSet,1,CR-UNWANTED_ITEM
plumtree001-L,1,CR-UNWANTED_ITEM
220823-PinkBunny-KIDS-5/6,1,AMZ-PG-BAD-DESC
1138,1,AMZ-PG-APP-STYLE
LukeWig-1200,1,CR-UNWANTED_ITEM
SecretStuffWaterBottle,2,CR-UNWANTED_ITEM
RickMortyPajamaSet-JCITV-M,1,AMZ-PG-APP-TOO-SMALL
starwars129-S,1,DID_NOT_LIKE_FABRIC
CowgirlShirt-204051-XS,1,CR-MISSED_ESTIMATED_DELIVERY
220757-AverageJoesWomensSet-L,1,CR-UNWANTED_ITEM
sbtbslaterjersey-L,1,CR-MISSED_ESTIMATED_DELIVERY
220743-FlintTropicsSHORTS-L/XL,1,AMZ-PG-APP-STYLE
220714-TrainEngineerChildCostume-2/3,1,AMZ-PG-BAD-DESC
Custom-LeftChestClover-Sweatshirt-M,1,AMZ-PG-APP-TOO-SMALL
starwars037-L,1,CR-MISSED_ESTIMATED_DELIVERY
CustomFaceMaks2,1,AMZ-PG-BAD-DESC
avatar001-M,1,AMZ-PG-APP-TOO-SMALL
220814-PowerRangerPJ-BLU-L,1,AMZ-PG-BAD-DESC
CY034-ChristmasStoryUnionSuit-L,1,AMZ-PG-APP-TOO-LARGE
220080-SharkChubSuitPink-Adult,1,CR-UNWANTED_ITEM
220079-SharkChubSuitBlue-Adult,1,CR-DEFECTIVE
10068387-BuzzPajamaSet-L,1,AMZ-PG-APP-TOO-LARGE
220074-PenguinChubSuit-Teen,1,CR-DEFECTIVE
junk601-M,1,AMZ-PG-APP-TOO-SMALL
caddyshackhat001,1,CR-UNWANTED_ITEM
ninjanogginmask-nude,1,AMZ-PG-APP-TOO-SMALL
DSTS26LGS-BuzzLightyearJuniotsTshirt-XL,1,AMZ-PG-APP-TOO-LARGE
ledzeppelin002-XL,1,DID_NOT_LIKE_COLOR
blowupguitar,2,CR-MISSED_ESTIMATED_DELIVERY
RM0314-TShirtPantsPajamaSet-M,1,AMZ-PG-APP-TOO-SMALL
starwars129-XL,1,AMZ-PG-BAD-DESC
